transaction_id,branch_id,timestamp,item_id,quantity,price,total_sale
8305,3.0,7/31/2022,9539,24.0,251.43,7168.03
8339,34.0,8/24/2021,3920,21.0,626.55,8228.72
2704,10.0,11/7/2021,8826,78.0,147.25,6210.52
479,10.0,5/8/2023,449,99.0,298.4,8645.48
9,27.0,3/5/2023,5522,69.0,985.77,453.89
3051,21.0,10/18/2021,7633,63.0,734.32,9439.12
8802,35.0,5/31/2023,5829,65.0,958.18,2916.59
6960,11.0,8/16/2022,9540,53.0,448.8,9681.99
92,10.0,1/5/2023,3189,44.0,226.13,4545.43
339,2.0,9/8/2021,3164,80.0,766.01,4602.76
9513,13.0,3/17/2021,1469,64.0,215.9,4721.59
502,7.0,12/26/2021,9301,91.0,546.92,779.01
4750,27.0,10/27/2022,3947,28.0,832.56,2170.68
1973,23.0,4/25/2023,1507,79.0,292.3,3038.29
9075,26.0,7/15/2021,8650,57.0,411.12,6378.37
3958,20.0,7/24/2023,4753,19.0,675.06,586.51
3527,1.0,2/21/2021,3789,84.0,780.31,2798.62
3639,14.0,6/21/2021,3993,100.0,596.55,4756.3
6095,6.0,9/20/2023,9612,32.0,446.31,5619.3
5758,8.0,9/24/2023,3682,60.0,864.81,9664.36
9276,2.0,6/6/2022,488,86.0,411.1,6561.59
7945,14.0,6/13/2021,3513,79.0,12.8,730.67
7940,9.0,8/14/2023,202,98.0,863.75,5238.13
6623,9.0,11/13/2023,1091,31.0,526.2,154.21
4441,23.0,4/28/2021,1460,9.0,920.88,6600.29
2818,22.0,9/19/2022,207,6.0,90.75,9482.89
2316,23.0,2/12/2022,860,12.0,364.81,944.22
3767,28.0,11/12/2021,8776,34.0,892.21,8047.76
5780,2.0,8/7/2023,688,15.0,359.29,8510.47
9433,10.0,12/11/2023,673,23.0,950.72,9576.78
630,30.0,12/22/2021,7733,31.0,820.72,2150.83
3562,19.0,1/9/2021,1109,77.0,917.57,1052.09
6293,4.0,7/13/2023,2341,9.0,625.53,6093.26
4772,12.0,3/30/2022,9398,18.0,380.49,1014.22
5513,11.0,3/16/2021,6424,6.0,241.05,5628.96
1805,7.0,2/21/2022,8448,21.0,927.4,7772.41
2934,26.0,12/18/2023,3300,58.0,697.01,1035.66
2377,24.0,7/8/2023,7903,100.0,740.1,8976.43
3020,8.0,7/28/2022,6812,29.0,583.56,1327.65
2098,28.0,10/25/2022,5292,1.0,953.95,8670.65
6307,7.0,7/8/2022,1616,17.0,558.97,3697.32
2801,30.0,1/8/2022,211,48.0,377.0,353.37
8770,22.0,5/2/2023,542,5.0,339.26,9858.37
67,2.0,10/17/2021,1142,48.0,940.64,3676.69
6184,1.0,10/16/2021,1430,52.0,725.65,5460.44
4615,6.0,11/24/2023,4010,83.0,640.71,6689.76
5345,31.0,7/1/2021,8062,24.0,343.48,4945.46
8731,4.0,2/25/2021,8481,7.0,52.84,6970.16
7113,26.0,5/12/2022,610,58.0,418.29,7604.77
5349,17.0,7/5/2021,3276,67.0,661.12,2654.13
6620,10.0,4/19/2022,6008,87.0,535.1,8700.56
2104,13.0,1/10/2021,6001,15.0,312.16,5448.07
1604,29.0,2/9/2022,5665,57.0,938.2,2530.16
6106,10.0,10/27/2023,9962,44.0,851.18,6969.4
123,5.0,6/12/2021,5854,81.0,455.23,1082.83
6618,4.0,11/14/2023,185,94.0,144.91,1488.47
273,17.0,9/8/2023,8466,83.0,839.28,7157.44
3346,31.0,10/25/2021,1329,39.0,655.78,9818.06
1452,11.0,9/4/2021,2020,32.0,250.02,540.24
7775,20.0,12/21/2022,2189,24.0,528.91,7989.13
5248,9.0,12/18/2023,3871,73.0,608.64,4686.21
442,20.0,10/28/2022,163,48.0,543.37,1413.84
1195,18.0,6/15/2023,2639,55.0,820.01,4582.5
188,18.0,10/22/2023,9434,85.0,408.75,3193.66
906,24.0,2/20/2021,377,6.0,899.72,2558.76
3547,14.0,3/4/2022,3814,31.0,837.19,8798.9
1735,25.0,8/3/2023,2183,67.0,307.6,3534.64
2565,18.0,11/1/2023,6606,8.0,860.86,6970.05
7604,12.0,3/3/2023,9413,85.0,667.54,2391.62
1777,15.0,6/26/2023,94,34.0,394.27,5538.96
4417,26.0,5/19/2022,5687,93.0,970.05,6790.46
9345,14.0,6/14/2023,8682,78.0,587.1,974.18
6314,5.0,11/21/2022,3484,39.0,192.06,9224.21
9312,5.0,8/20/2022,9750,6.0,128.5,1068.46
5017,8.0,12/10/2021,3050,71.0,159.26,5892.95
2487,1.0,1/9/2023,3844,94.0,603.81,7640.89
3940,23.0,11/24/2023,913,40.0,263.58,3948.99
8714,21.0,4/9/2021,417,32.0,427.48,9119.71
660,3.0,6/14/2021,2775,83.0,115.51,8678.68
4214,30.0,11/3/2021,1405,37.0,282.64,2639.16
4048,11.0,9/29/2023,6107,99.0,741.05,7679.01
1627,16.0,4/10/2023,1273,17.0,782.94,5626.99
8213,10.0,5/8/2022,9197,18.0,133.59,2.74
6453,1.0,5/25/2022,3103,31.0,715.39,3792.52
486,24.0,7/16/2023,2588,7.0,893.84,743.42
5287,2.0,12/27/2023,366,90.0,179.69,658.65
4782,6.0,7/26/2023,5669,98.0,804.61,4102.47
1578,12.0,9/26/2021,4427,12.0,146.54,9480.85
5140,24.0,5/23/2022,6297,6.0,501.1,3673.17
4200,6.0,5/26/2022,4712,23.0,759.13,810.59
5294,18.0,7/19/2023,9809,64.0,475.74,8290.12
3486,28.0,6/11/2022,8270,89.0,29.49,2727.33
952,7.0,10/14/2023,9361,47.0,178.25,2978.71
5021,13.0,2/19/2022,2057,26.0,343.83,5627.6
301,1.0,10/19/2022,5471,43.0,998.61,3850.72
3288,15.0,1/21/2023,3073,53.0,887.22,9846.9
3475,34.0,10/17/2023,1563,27.0,626.21,7758.1
8373,16.0,3/2/2022,7798,61.0,956.3,4768.11
9865,12.0,9/15/2022,7333,10.0,102.54,4633.13
9784,1.0,2/18/2023,5885,92.0,880.82,9046.41
7772,22.0,12/7/2022,8795,14.0,112.59,5897.13
6798,11.0,11/4/2023,38,32.0,818.77,4614.08
7271,11.0,2/18/2021,8249,47.0,854.67,5903.04
7010,25.0,10/27/2022,1754,14.0,33.61,7627.82
2819,1.0,1/17/2021,5261,27.0,408.99,92.67
8853,12.0,12/29/2021,2337,5.0,471.71,731.65
8791,20.0,9/9/2022,8266,9.0,800.84,6388.87
1752,33.0,7/7/2022,314,38.0,152.35,9644.37
4306,12.0,7/22/2023,426,33.0,2.46,3408.4
8409,10.0,1/15/2022,7280,90.0,803.6,1150.85
6020,16.0,3/2/2021,3457,18.0,772.31,7678.25
8434,21.0,10/14/2022,7515,37.0,654.3,4562.31
4067,23.0,7/7/2022,1048,69.0,151.37,7044.64
2369,21.0,3/22/2021,4558,32.0,577.93,9039.91
6869,3.0,3/31/2023,5763,2.0,217.66,2322.42
3349,3.0,12/21/2023,1719,59.0,109.31,9088.94
7909,17.0,6/1/2022,1572,81.0,144.42,8941.6
1686,3.0,6/25/2023,9903,26.0,727.39,7606.05
9701,35.0,1/20/2022,8690,11.0,478.94,4809.28
4395,12.0,5/31/2023,6044,4.0,419.2,5403.25
6641,32.0,3/8/2023,9868,59.0,321.17,4094.42
1855,12.0,8/11/2022,5285,92.0,29.99,5390.34
2320,3.0,12/25/2023,559,12.0,781.37,9999.65
6209,1.0,1/1/2021,6201,20.0,552.69,3620.22
72,27.0,8/3/2022,3082,25.0,317.55,331.72
4834,7.0,3/4/2021,7339,62.0,275.34,1898.72
4035,3.0,2/5/2023,8932,33.0,309.63,1181.1
2485,26.0,2/7/2021,5250,77.0,315.94,8746.16
8818,24.0,6/3/2023,9505,86.0,608.94,6643.02
8862,7.0,12/3/2022,929,77.0,868.02,8849.65
9894,6.0,10/14/2023,571,5.0,223.23,1750.72
6013,4.0,8/15/2021,5458,75.0,167.97,4655.36
766,10.0,10/12/2023,6315,89.0,680.94,9339.33
3378,22.0,10/15/2022,4926,29.0,633.58,3089.72
903,26.0,3/13/2023,367,44.0,333.9,5363.26
6268,26.0,9/17/2022,1121,75.0,948.91,1530.9
8129,6.0,5/9/2021,9928,34.0,108.24,2837.02
4243,12.0,10/4/2022,7046,31.0,943.6,9664.66
3262,6.0,1/21/2021,5369,42.0,248.53,6029.93
6211,3.0,9/20/2023,7090,49.0,659.74,71.45
7812,35.0,12/29/2023,4251,61.0,854.33,8259.79
9562,4.0,1/30/2021,2904,54.0,391.28,3968.43
6264,8.0,12/29/2021,5376,17.0,930.54,2825.22
9820,1.0,7/25/2021,9660,99.0,94.03,7810.43
9114,24.0,5/1/2022,1128,68.0,372.0,5736.18
2177,18.0,9/7/2022,6029,99.0,203.0,7711.22
7694,4.0,12/15/2021,3369,96.0,488.57,3003.5
4823,29.0,8/27/2023,5227,70.0,515.13,3904.86
5108,18.0,5/28/2021,5689,88.0,703.57,2798.59
9136,32.0,7/26/2021,60,86.0,34.55,5004.51
7021,12.0,6/18/2023,4912,65.0,110.63,658.91
9763,5.0,8/19/2023,2470,79.0,143.43,6360.42
9126,26.0,5/3/2021,4863,49.0,126.85,5810.22
3595,33.0,9/14/2022,8073,77.0,929.33,3226.07
4410,19.0,3/20/2022,5088,94.0,705.84,4253.99
1119,34.0,12/3/2022,6766,25.0,709.1,8086.51
9541,14.0,6/27/2021,8311,63.0,315.11,7956.25
5774,11.0,9/19/2021,8284,23.0,305.55,325.28
8364,19.0,6/8/2022,7872,21.0,492.41,3154.75
7136,15.0,1/20/2022,3401,22.0,116.76,9807.52
3600,34.0,11/8/2022,8684,43.0,749.58,4077.27
1906,35.0,3/27/2022,9177,36.0,340.16,3950.33
7261,17.0,11/4/2023,3152,47.0,873.62,3883.56
3114,9.0,4/10/2021,2699,53.0,80.82,181.72
805,18.0,9/10/2023,7765,12.0,775.65,8552.71
8517,27.0,12/13/2023,2598,13.0,179.71,5213.94
1178,24.0,3/2/2022,4255,69.0,515.17,6398.81
1777,26.0,9/24/2023,5755,92.0,798.35,8332.68
87,24.0,10/15/2023,9822,53.0,420.41,9474.34
6985,7.0,3/10/2022,1537,24.0,521.83,1338.65
2310,24.0,4/7/2023,8871,42.0,253.6,8834.85
5275,23.0,4/3/2023,4988,45.0,246.63,2846.67
4374,34.0,6/20/2022,2613,91.0,999.12,3103.54
3547,4.0,11/17/2022,6522,45.0,710.22,7029.85
9960,21.0,5/1/2022,9935,66.0,490.94,2970.8
2461,14.0,6/6/2022,8006,7.0,725.72,3487.19
4610,11.0,4/14/2023,6370,9.0,494.09,9498.84
7220,13.0,3/22/2023,2177,33.0,884.83,5868.45
6832,35.0,11/19/2023,8031,37.0,754.18,9888.25
3322,35.0,7/15/2021,5099,45.0,931.45,4747.23
3218,9.0,12/29/2021,2866,48.0,756.07,7283.55
9947,2.0,11/19/2022,954,27.0,808.92,8801.13
5761,34.0,9/11/2021,1751,49.0,517.32,810.39
9940,9.0,2/1/2021,5707,91.0,258.68,4611.52
5095,13.0,10/15/2021,8861,43.0,794.31,2394.97
4061,7.0,3/6/2023,3425,27.0,374.15,5809.03
9254,21.0,11/23/2021,2966,45.0,151.28,1704.19
6351,29.0,4/10/2022,8504,86.0,507.12,1716.36
4956,19.0,11/4/2022,6347,12.0,565.78,7074.73
8136,2.0,6/16/2022,5823,47.0,86.48,8763.5
7154,34.0,12/31/2023,4747,79.0,506.76,2507.29
2507,13.0,2/1/2021,9426,65.0,46.44,4780.66
5813,33.0,1/12/2021,720,66.0,726.03,2139.04
1148,28.0,7/11/2021,9052,79.0,499.33,8793.33
8820,31.0,7/8/2021,3365,41.0,269.36,6810.16
7229,20.0,5/5/2021,8473,74.0,444.24,5344.24
616,5.0,3/4/2023,3836,15.0,427.81,2780.81
2841,1.0,7/3/2021,4844,31.0,663.79,7191.28
9241,26.0,4/18/2023,4292,54.0,394.22,6150.27
2822,8.0,9/2/2021,3929,64.0,516.67,4205.87
4088,12.0,7/27/2021,8600,25.0,505.66,5712.59
7030,13.0,9/10/2023,6757,42.0,368.42,1587.36
5421,12.0,3/5/2023,2122,35.0,456.19,1949.01
704,26.0,1/21/2022,2,61.0,838.97,5608.32
5386,22.0,4/5/2023,1384,53.0,878.61,3381.72
7876,11.0,5/11/2022,7379,72.0,414.62,803.57
1718,19.0,11/20/2021,8700,55.0,560.81,7895.53
6556,27.0,8/21/2023,5839,75.0,71.01,3619.82
2275,31.0,5/3/2022,7668,64.0,481.1,4014.09
6438,2.0,4/3/2023,7386,71.0,963.11,2412.96
1592,27.0,9/19/2022,8326,97.0,106.06,8332.26
7898,17.0,5/29/2022,2846,23.0,588.39,1134.32
5173,10.0,12/13/2023,5319,34.0,706.04,975.41
3142,12.0,5/29/2022,4821,68.0,592.91,4226.01
5042,5.0,6/25/2021,3076,3.0,468.65,612.08
7828,19.0,11/5/2023,8454,82.0,994.48,5769.0
3358,3.0,1/21/2022,6543,55.0,687.42,3707.99
3882,11.0,6/27/2021,6095,90.0,568.61,3511.99
2431,1.0,9/19/2023,2934,58.0,850.56,1944.41
7660,21.0,9/3/2022,8158,18.0,848.55,3835.93
9080,34.0,8/25/2021,6913,3.0,739.46,2932.55
9397,13.0,4/29/2021,151,1.0,620.28,3966.63
7939,33.0,2/13/2022,3197,46.0,455.82,2055.22
8691,8.0,5/30/2021,6187,91.0,97.67,3058.25
4415,15.0,3/4/2022,1666,76.0,585.47,2855.97
9725,4.0,12/24/2022,8213,43.0,184.48,8615.16
9260,1.0,4/16/2022,9335,16.0,148.02,7407.36
9810,31.0,4/27/2022,813,80.0,573.77,5992.93
2626,23.0,6/10/2022,4311,68.0,863.35,5970.43
4518,17.0,1/9/2022,7211,58.0,415.01,3049.49
5854,30.0,4/29/2022,3615,42.0,307.55,5432.35
7177,28.0,8/13/2022,3095,45.0,814.26,6747.07
8088,33.0,5/19/2021,422,33.0,624.7,1270.65
8805,12.0,1/10/2023,9994,72.0,740.52,5038.31
3635,1.0,12/30/2022,645,33.0,924.45,2155.04
680,29.0,9/11/2023,8735,92.0,962.85,4661.58
6273,12.0,4/21/2021,59,82.0,331.96,8669.48
624,21.0,7/15/2022,7405,23.0,189.01,5542.83
7966,14.0,3/17/2021,9319,35.0,703.05,2455.24
2064,10.0,12/13/2023,2423,90.0,729.66,6385.55
4062,5.0,10/18/2023,8658,82.0,632.74,6225.85
6448,35.0,2/20/2021,7992,46.0,605.99,1134.73
3868,23.0,11/22/2022,1225,5.0,440.19,8192.78
9535,22.0,10/18/2023,5415,21.0,406.8,6950.22
7162,5.0,6/24/2021,4412,14.0,941.16,110.25
2316,27.0,2/12/2021,4394,65.0,125.02,3754.54
6939,4.0,3/23/2023,7539,10.0,483.06,4756.66
1283,9.0,7/9/2021,4632,24.0,842.15,9327.84
4268,26.0,4/6/2022,4140,100.0,987.59,6131.99
9456,35.0,1/6/2023,5154,13.0,984.27,3717.35
2345,11.0,10/27/2021,7277,10.0,331.03,2817.68
8985,6.0,2/13/2022,4507,71.0,884.7,8034.66
5755,32.0,4/19/2022,7109,16.0,891.02,4451.27
1979,14.0,10/22/2022,5518,68.0,344.79,6549.67
5298,10.0,2/10/2023,8019,83.0,471.76,3432.91
1561,5.0,6/2/2022,6167,92.0,801.06,4406.33
3905,13.0,7/20/2023,507,61.0,387.8,1604.58
1925,10.0,7/14/2021,5616,43.0,228.69,8913.43
9967,23.0,6/11/2023,2534,35.0,413.99,3559.76
423,7.0,5/28/2021,9316,54.0,945.1,5004.36
6355,9.0,10/2/2021,4917,59.0,852.33,1904.87
3680,7.0,4/9/2023,6419,47.0,62.72,8547.05
9886,6.0,12/29/2021,1567,86.0,893.85,6892.07
7945,9.0,4/12/2023,5814,50.0,838.67,7949.14
6825,32.0,9/8/2021,2709,71.0,203.99,5708.2
3915,11.0,6/11/2021,4,66.0,864.94,1707.71
3638,1.0,1/9/2021,3487,22.0,632.81,527.28
877,23.0,11/11/2021,4100,81.0,932.08,9314.74
3294,3.0,1/8/2021,9596,91.0,557.43,5908.31
6265,19.0,2/7/2021,495,6.0,977.58,7847.1
3911,11.0,2/19/2021,190,19.0,647.14,25.5
3252,15.0,10/16/2022,1703,47.0,140.5,6855.16
6918,21.0,11/17/2021,9548,36.0,90.81,3356.4
509,20.0,11/28/2023,7916,93.0,231.52,9604.2
9514,2.0,9/20/2022,1196,32.0,292.64,1995.3
712,23.0,8/30/2022,9759,49.0,164.42,5.45
9413,24.0,10/18/2023,6018,66.0,748.71,8536.79
9403,35.0,3/10/2021,8410,60.0,303.24,8650.97
9465,28.0,7/1/2023,4906,71.0,12.37,1875.31
2869,28.0,12/4/2022,2879,98.0,544.91,1588.46
1387,28.0,1/9/2021,7986,42.0,327.32,3021.21
6640,22.0,1/29/2021,189,88.0,793.33,3796.17
6972,1.0,3/20/2023,9181,42.0,367.95,2196.85
9060,1.0,8/17/2023,8180,57.0,39.43,9950.25
8099,24.0,9/11/2021,1617,28.0,500.44,8624.43
1991,32.0,5/8/2022,8277,9.0,146.43,8922.52
1611,17.0,9/18/2021,1814,17.0,465.64,4412.5
2684,19.0,6/18/2023,6493,48.0,763.54,1236.58
2289,2.0,10/21/2021,7452,49.0,440.07,3477.54
7692,16.0,1/26/2021,3481,14.0,510.91,7123.5
9345,32.0,4/4/2021,4125,11.0,10.13,5592.14
992,16.0,7/17/2023,7953,86.0,243.33,1486.86
3531,2.0,7/28/2021,3652,75.0,470.72,1687.34
2946,16.0,10/29/2022,3381,26.0,143.21,8905.98
3107,2.0,4/23/2021,5806,7.0,422.67,4065.55
2191,8.0,12/15/2023,5446,59.0,404.71,1973.85
552,35.0,12/8/2022,8094,5.0,403.63,4093.04
7028,23.0,11/5/2021,7835,79.0,707.41,4517.43
6247,11.0,8/9/2022,9432,81.0,587.66,2842.26
5283,2.0,7/19/2023,4673,67.0,653.88,6777.6
7287,22.0,4/3/2021,3354,88.0,808.09,4204.35
6022,9.0,5/4/2022,1355,18.0,359.09,2614.37
6397,9.0,1/7/2022,2489,66.0,511.57,5167.15
9355,30.0,3/23/2021,2719,10.0,385.25,7676.6
546,19.0,7/23/2021,4755,2.0,697.36,2347.6
6277,15.0,11/5/2022,3539,68.0,823.34,1241.92
750,23.0,9/15/2022,500,76.0,121.93,7709.93
6177,4.0,3/12/2021,624,71.0,514.97,263.95
889,4.0,2/6/2021,6985,93.0,540.95,1727.53
5700,27.0,5/28/2022,4862,98.0,324.78,5309.49
9598,22.0,11/4/2022,2021,68.0,408.13,5279.21
431,34.0,3/26/2023,6322,62.0,501.61,3605.4
9170,10.0,5/3/2022,7902,91.0,853.99,3587.17
8317,32.0,7/5/2021,6227,48.0,567.84,2132.65
741,33.0,3/31/2022,9734,68.0,912.47,7405.71
3777,6.0,12/6/2021,1415,64.0,560.8,2850.34
7614,31.0,6/10/2023,9045,27.0,202.54,3741.38
436,20.0,6/12/2021,5749,86.0,26.42,7131.47
4630,35.0,5/6/2021,7985,28.0,110.54,8670.04
5963,17.0,11/11/2022,2119,41.0,579.97,7078.89
3647,1.0,7/4/2022,3972,95.0,325.98,7911.0
364,31.0,11/28/2021,9962,70.0,321.54,3110.43
5671,4.0,11/13/2023,1707,90.0,103.46,2028.63
8072,1.0,5/30/2022,9276,54.0,708.39,9241.76
2256,29.0,7/29/2022,7249,26.0,284.76,8880.16
749,35.0,5/12/2022,438,25.0,238.63,4806.42
2893,17.0,6/28/2021,7920,58.0,351.79,7226.7
7579,17.0,1/25/2022,1570,66.0,785.66,206.24
3381,24.0,7/24/2023,2813,5.0,319.67,4316.85
4472,4.0,11/14/2021,833,5.0,587.94,7375.09
1880,22.0,4/6/2023,3338,85.0,762.03,1577.36
2622,12.0,10/10/2023,8303,47.0,728.97,5115.21
1393,13.0,1/14/2023,3152,10.0,844.2,8859.08
7081,4.0,10/31/2023,8666,26.0,465.76,4557.11
8959,26.0,7/11/2023,3147,30.0,649.54,5251.6
1686,23.0,6/10/2022,9137,2.0,518.57,2666.22
1163,19.0,7/20/2023,5104,27.0,556.87,7852.46
9485,7.0,7/10/2022,898,46.0,352.42,4603.23
1208,4.0,6/21/2022,9452,67.0,279.97,8934.86
8085,27.0,1/1/2022,6189,78.0,203.85,5124.08
1806,1.0,9/17/2022,8425,57.0,573.47,9341.3
6596,10.0,8/4/2022,7723,96.0,947.91,6429.16
9900,1.0,7/15/2022,236,40.0,380.15,3673.25
6267,32.0,2/14/2022,2041,80.0,6.63,795.34
1799,18.0,6/25/2021,2022,27.0,124.82,6932.5
6604,11.0,10/31/2022,3116,27.0,85.78,4527.77
8831,28.0,11/5/2023,3840,74.0,379.28,3288.02
9936,11.0,6/2/2023,1315,20.0,699.53,9558.93
355,6.0,6/28/2021,4549,25.0,934.49,3444.96
1854,13.0,3/13/2021,7969,69.0,471.14,1348.19
2708,25.0,4/24/2021,8788,71.0,470.16,9140.82
1858,9.0,4/21/2022,6886,32.0,331.06,9482.48
3990,1.0,5/16/2022,9031,41.0,67.97,2739.65
8080,16.0,11/4/2021,7804,43.0,744.13,3354.9
6266,14.0,6/14/2023,164,62.0,275.38,375.61
9853,26.0,10/25/2021,1417,17.0,972.82,5771.92
363,14.0,11/23/2022,4895,48.0,592.36,1282.3
5792,28.0,6/10/2022,7569,27.0,752.24,1512.34
3105,14.0,7/19/2021,3185,14.0,848.79,9109.4
888,24.0,10/20/2023,8229,49.0,101.5,1236.76
8786,8.0,3/9/2023,9640,64.0,542.82,7151.11
8510,32.0,7/19/2022,9519,27.0,216.83,2156.34
7160,26.0,11/11/2023,3855,50.0,164.05,5053.15
5059,25.0,4/30/2023,6621,12.0,586.3,1548.87
3677,9.0,3/16/2022,8061,31.0,523.41,5756.27
9025,12.0,6/30/2022,1218,51.0,684.77,9187.02
1436,6.0,8/13/2021,4775,21.0,223.87,1038.25
1510,10.0,11/19/2021,2122,93.0,681.66,9613.69
9798,14.0,7/2/2023,4124,17.0,986.41,6052.96
226,24.0,7/24/2021,1911,99.0,339.84,8584.05
3151,23.0,11/3/2023,8925,21.0,864.74,1746.04
9211,25.0,6/16/2023,3858,22.0,773.22,1994.08
9285,31.0,9/1/2021,4708,42.0,225.08,1254.73
8102,33.0,8/4/2021,9880,53.0,313.89,4283.88
9986,1.0,8/2/2022,9381,43.0,834.36,2259.3
5547,30.0,2/5/2021,5257,21.0,723.0,126.69
109,11.0,7/21/2022,7446,100.0,318.43,1094.42
9462,24.0,9/1/2021,6151,34.0,935.09,3624.91
7634,32.0,11/29/2021,2773,69.0,86.43,9650.97
3091,30.0,4/25/2023,3301,24.0,246.91,8452.12
7398,13.0,12/12/2022,1658,49.0,27.31,3798.47
3731,24.0,2/13/2022,9953,58.0,103.57,5336.48
3611,9.0,7/10/2021,1204,47.0,160.87,6936.88
243,12.0,11/7/2021,7127,21.0,810.41,3714.48
2551,34.0,4/8/2022,3115,54.0,812.29,2147.01
390,35.0,6/13/2021,4039,56.0,83.6,6601.41
9512,18.0,7/1/2021,6399,89.0,797.29,5492.77
2707,35.0,9/19/2023,3555,16.0,241.38,8466.71
1088,25.0,11/1/2021,6936,8.0,276.52,9898.41
1632,28.0,11/26/2022,2009,20.0,147.95,3490.96
6746,10.0,1/21/2023,9814,71.0,112.82,9795.81
5418,24.0,11/13/2023,9072,91.0,67.06,2174.9
6260,25.0,3/17/2023,9610,36.0,206.02,6979.37
1399,24.0,8/30/2021,5922,11.0,869.65,9504.06
2824,33.0,9/21/2022,5068,46.0,529.31,9459.18
6959,2.0,5/21/2022,3322,26.0,561.51,2444.37
5535,27.0,10/14/2022,6035,95.0,737.15,9283.87
6511,5.0,8/11/2023,6137,74.0,711.24,4443.02
5730,2.0,6/18/2021,2907,55.0,868.85,9708.61
9822,32.0,3/7/2023,173,62.0,786.96,3180.2
3540,23.0,5/22/2023,2278,66.0,976.83,5976.02
9587,32.0,1/24/2023,5762,30.0,82.09,4919.95
1299,15.0,2/24/2022,7655,11.0,315.41,8767.44
502,32.0,9/10/2021,5935,91.0,608.48,4373.77
6011,13.0,9/24/2022,2143,57.0,913.15,2595.08
4257,30.0,6/7/2023,1773,100.0,928.65,8516.45
892,24.0,9/8/2023,6710,21.0,205.0,1997.16
631,34.0,11/21/2022,488,77.0,811.05,3367.24
21,14.0,11/28/2021,2624,99.0,174.89,5720.66
8237,1.0,2/5/2021,3487,55.0,81.21,9313.99
3405,15.0,5/20/2021,2396,65.0,283.34,9671.07
5750,18.0,4/13/2022,4759,3.0,649.38,111.73
3474,18.0,3/11/2022,5399,90.0,352.1,5344.92
7453,4.0,6/27/2023,1772,59.0,381.7,1533.65
8871,33.0,4/23/2021,426,12.0,466.12,5557.88
8161,33.0,6/27/2023,9205,80.0,448.99,4084.77
5586,8.0,3/6/2023,9947,87.0,531.49,7773.2
7063,29.0,1/6/2021,2453,40.0,957.37,8969.41
5247,6.0,8/10/2021,908,47.0,243.64,1809.35
1744,23.0,9/20/2022,2372,11.0,517.13,2082.98
186,25.0,2/21/2022,5470,73.0,835.66,7008.54
6822,1.0,12/23/2022,3664,38.0,700.4,1836.37
8571,13.0,5/20/2022,6426,96.0,393.61,291.87
1894,31.0,4/12/2021,3281,90.0,373.03,7594.24
1206,27.0,3/4/2021,102,60.0,223.58,735.1
7414,17.0,3/25/2022,5124,15.0,921.32,2956.15
5034,2.0,8/15/2021,3894,4.0,947.52,126.81
9920,31.0,9/6/2022,9979,88.0,219.28,4815.36
1166,2.0,4/11/2023,5982,63.0,509.57,3105.04
7641,32.0,4/4/2021,7886,37.0,402.46,8488.84
9750,11.0,1/14/2022,2803,43.0,328.36,187.09
8801,29.0,5/24/2023,4226,95.0,8.09,2314.55
107,29.0,4/23/2021,3233,56.0,104.34,5349.58
6682,23.0,9/1/2023,8232,89.0,47.27,2109.73
3425,26.0,5/17/2021,6502,76.0,977.57,7263.91
1857,17.0,1/23/2023,71,25.0,121.79,4647.2
3213,2.0,5/26/2022,8126,10.0,575.43,6740.95
4520,13.0,9/16/2023,8963,37.0,290.31,2834.59
456,29.0,2/15/2022,3007,72.0,452.21,7492.66
2491,34.0,8/1/2021,2912,50.0,383.94,2791.19
1121,23.0,10/30/2023,62,63.0,999.91,6499.19
540,33.0,10/22/2022,8353,87.0,776.42,4152.35
7956,29.0,9/9/2021,307,12.0,930.44,9424.39
9590,7.0,3/26/2022,5157,86.0,597.45,9434.19
3180,14.0,11/23/2022,156,33.0,235.55,8946.98
3445,35.0,12/17/2022,2886,84.0,764.07,8662.57
2852,9.0,9/2/2021,2415,8.0,748.33,9999.98
3921,13.0,9/19/2021,9512,19.0,282.83,5588.94
76,4.0,11/22/2023,8453,57.0,78.25,8778.93
9936,14.0,12/11/2022,4131,48.0,164.66,8282.43
4665,17.0,11/17/2022,987,38.0,572.85,5194.79
3602,18.0,2/21/2023,5050,11.0,820.3,971.64
755,4.0,11/1/2023,3255,56.0,632.29,4597.14
9456,33.0,9/30/2023,7291,31.0,579.69,1699.47
4063,6.0,10/24/2023,9300,17.0,330.04,6962.29
1300,16.0,2/23/2021,4275,68.0,544.99,8818.21
2156,19.0,3/9/2022,4837,85.0,418.06,3795.02
7128,28.0,6/11/2022,7537,32.0,579.06,7298.43
7605,15.0,11/28/2021,3218,84.0,279.93,2124.7
9070,10.0,2/6/2021,9950,95.0,435.08,3917.59
5461,25.0,11/17/2021,3181,62.0,395.41,8669.22
126,23.0,9/26/2023,3243,17.0,296.13,5924.61
1246,19.0,10/3/2022,7354,46.0,649.6,271.54
506,8.0,6/17/2022,259,24.0,526.14,1989.81
6364,21.0,6/18/2023,7962,34.0,162.69,648.81
6679,13.0,10/27/2021,601,13.0,998.4,7284.95
6294,8.0,9/5/2021,6208,26.0,946.94,2088.8
2758,30.0,1/10/2022,3555,6.0,171.1,6000.24
9358,7.0,11/25/2022,3421,79.0,978.16,8459.54
1747,18.0,9/28/2021,8417,79.0,556.81,553.13
3477,24.0,7/16/2021,5960,25.0,392.86,4441.68
9879,22.0,8/21/2022,1499,36.0,623.77,2994.15
8553,29.0,1/19/2022,4858,70.0,895.39,8599.12
5820,34.0,6/30/2022,9067,4.0,259.38,5255.9
1162,1.0,2/3/2021,3545,41.0,631.31,4240.13
8456,18.0,3/11/2023,9536,74.0,100.73,7836.4
7944,21.0,10/21/2021,6155,15.0,584.12,2455.33
7846,17.0,4/10/2022,4069,97.0,734.35,8079.75
13,29.0,1/8/2021,6836,90.0,199.7,8025.72
9321,12.0,10/20/2021,6485,57.0,132.81,9216.92
5401,17.0,8/31/2023,2092,18.0,908.58,1872.81
8371,19.0,9/13/2023,8840,13.0,857.42,2506.09
454,18.0,9/30/2022,3195,83.0,679.83,5124.62
9750,19.0,9/28/2022,2958,20.0,595.69,6074.98
8828,31.0,9/13/2023,3548,88.0,844.1,8673.86
8751,2.0,12/26/2021,7328,15.0,356.28,6418.09
7101,26.0,9/4/2021,5190,4.0,935.09,5374.12
5426,8.0,1/18/2021,1683,1.0,824.2,9883.31
2337,27.0,1/7/2023,6061,11.0,259.46,8964.39
2143,25.0,4/8/2021,1846,20.0,767.69,7358.5
5131,3.0,8/31/2023,7929,27.0,112.09,2478.14
6274,32.0,9/10/2023,6514,90.0,100.25,4982.56
8161,13.0,12/30/2021,2175,27.0,76.16,9269.72
825,21.0,11/7/2021,7089,35.0,536.22,2884.39
6666,31.0,4/27/2021,4978,10.0,803.6,6026.78
7556,24.0,8/21/2022,9798,95.0,769.86,5903.5
3775,22.0,10/17/2023,1451,86.0,663.88,3194.49
5251,31.0,10/25/2021,4737,80.0,222.21,9364.96
2661,5.0,5/22/2021,8349,69.0,10.91,6246.85
5014,6.0,1/23/2023,40,30.0,779.1,4605.33
682,10.0,6/27/2023,3801,42.0,773.93,49.32
9542,27.0,5/5/2023,7101,11.0,341.68,1750.06
158,15.0,2/25/2023,4135,10.0,210.6,8115.68
1122,16.0,10/4/2021,7063,72.0,416.53,4678.58
2358,2.0,7/9/2023,6602,25.0,926.37,4408.07
6288,31.0,10/27/2021,1472,29.0,475.2,1697.57
651,11.0,4/9/2022,954,89.0,38.2,3237.02
453,8.0,1/4/2021,2991,8.0,377.54,60.23
6525,7.0,10/17/2023,9149,31.0,187.27,8641.87
7675,6.0,6/29/2021,9877,17.0,113.5,1131.76
5508,35.0,1/5/2023,5125,23.0,639.56,5247.73
2768,2.0,5/12/2022,5575,79.0,301.47,5401.75
10000,29.0,8/4/2022,5289,60.0,362.57,7344.19
3341,25.0,11/30/2022,3159,11.0,404.84,4405.15
3365,24.0,8/20/2022,2866,42.0,132.07,6435.08
4650,9.0,7/16/2021,5266,68.0,887.77,4880.08
8886,2.0,10/20/2022,4084,97.0,275.77,8222.39
6296,9.0,7/6/2021,111,27.0,943.59,2268.49
1398,25.0,4/13/2023,6909,35.0,840.86,5231.43
7622,20.0,10/28/2022,2126,89.0,640.26,6308.11
6978,24.0,2/2/2023,655,51.0,165.67,695.51
3006,5.0,10/26/2022,6374,16.0,857.82,9616.81
2318,28.0,9/30/2021,7506,76.0,746.9,5080.81
8656,29.0,11/17/2023,4202,58.0,657.35,4694.85
8809,15.0,7/29/2023,4842,48.0,778.41,7778.5
8856,19.0,1/4/2023,599,71.0,952.22,3069.1
3946,16.0,3/13/2021,4387,10.0,878.81,1758.0
1671,20.0,11/6/2023,3116,96.0,593.34,7414.52
9721,33.0,10/12/2023,2559,46.0,233.58,1277.34
483,15.0,7/16/2021,7324,5.0,505.23,3909.53
604,5.0,9/24/2023,9732,82.0,308.9,154.72
4946,32.0,9/5/2023,3498,54.0,208.63,9612.05
3746,26.0,11/20/2023,9940,65.0,175.77,6349.11
9457,12.0,1/21/2022,568,69.0,43.25,5110.08
4658,5.0,12/20/2021,3976,19.0,41.84,312.83
5154,6.0,10/14/2021,8535,11.0,104.63,113.39
6342,24.0,1/17/2023,573,37.0,765.34,3459.37
4749,8.0,4/3/2021,5117,76.0,719.72,80.9
5783,17.0,8/24/2023,1940,56.0,299.36,1210.58
3072,26.0,8/17/2023,3438,41.0,431.43,5080.81
1716,7.0,7/27/2021,7650,36.0,893.73,9000.03
6947,34.0,8/27/2023,7064,90.0,810.77,8121.51
2444,11.0,2/4/2021,6777,48.0,312.69,7802.34
7130,28.0,7/21/2022,6461,14.0,247.06,1714.39
2725,14.0,9/25/2021,233,34.0,520.07,9896.71
9322,28.0,6/28/2022,5977,25.0,507.61,3685.9
1174,27.0,8/5/2023,5248,50.0,279.99,9725.78
4626,11.0,4/19/2023,5963,34.0,596.89,3851.85
6256,24.0,7/12/2023,5507,18.0,578.3,2165.47
731,26.0,8/19/2023,8141,3.0,29.99,9035.38
5269,17.0,7/19/2021,6919,20.0,776.64,197.53
1979,13.0,7/6/2022,3530,22.0,74.48,8612.47
8896,23.0,3/14/2022,6879,46.0,794.2,3146.47
2955,7.0,6/11/2021,6197,91.0,377.88,1547.55
1232,20.0,11/28/2023,1932,84.0,768.02,7691.7
9225,8.0,11/17/2022,9171,82.0,136.72,1965.71
3576,7.0,2/27/2022,764,41.0,767.25,1763.25
8764,14.0,1/18/2021,9718,78.0,459.43,5566.78
4390,19.0,8/20/2022,605,57.0,113.3,5530.84
2619,11.0,7/14/2023,5189,87.0,567.68,5612.73
6785,31.0,11/30/2022,7140,95.0,751.78,4552.33
4750,29.0,11/14/2021,6639,42.0,270.86,8947.17
5647,18.0,1/19/2022,4295,85.0,98.26,3095.48
4945,33.0,1/23/2021,3025,47.0,315.35,920.77
4577,2.0,3/18/2023,1325,50.0,359.31,2485.98
661,2.0,6/29/2022,2334,98.0,697.66,8362.14
5644,14.0,7/11/2021,7784,39.0,438.45,5713.05
8800,2.0,5/1/2023,5097,51.0,82.72,6908.32
5427,19.0,8/9/2023,3363,82.0,178.83,7316.4
720,22.0,8/17/2023,2693,24.0,20.94,6646.43
1302,6.0,6/28/2022,3349,16.0,418.62,9738.58
4037,33.0,10/28/2022,6368,61.0,369.91,7153.04
3352,27.0,8/24/2023,8932,44.0,902.0,7465.73
7856,4.0,2/25/2022,5097,31.0,579.0,5480.49
8594,22.0,6/11/2022,8071,33.0,376.01,6433.8
2419,2.0,6/6/2022,9400,38.0,465.85,4251.05
2193,9.0,7/4/2021,5591,80.0,433.05,1326.84
9065,12.0,4/7/2021,4974,69.0,695.97,8463.75
6537,4.0,7/29/2023,3740,93.0,663.59,7698.15
8616,16.0,1/2/2023,593,71.0,262.9,4353.89
7,26.0,1/19/2021,3941,27.0,428.5,540.45
3629,30.0,12/27/2023,9776,100.0,989.93,7738.07
9248,10.0,12/14/2023,9061,6.0,172.86,7061.85
8951,10.0,5/5/2023,7117,31.0,131.19,1109.72
3882,30.0,9/26/2021,7907,7.0,512.28,9756.04
9464,22.0,6/9/2022,4641,40.0,694.94,1909.05
9771,4.0,11/15/2021,6123,26.0,881.64,8495.48
9920,16.0,11/28/2022,4367,58.0,796.11,1494.62
5592,2.0,9/12/2023,9648,65.0,894.91,8891.35
1167,28.0,1/6/2022,8863,4.0,379.47,3566.94
4417,22.0,6/29/2021,392,91.0,388.94,2666.76
7194,30.0,7/9/2022,4325,77.0,597.75,4992.06
7893,2.0,5/23/2022,3587,69.0,161.42,5328.14
6338,23.0,1/3/2021,5029,88.0,803.46,4845.07
4981,25.0,11/6/2021,5085,6.0,676.91,1059.97
7695,28.0,3/29/2023,4192,39.0,445.46,7857.95
1630,28.0,4/9/2021,6544,29.0,327.52,8855.43
1429,32.0,8/28/2021,2911,16.0,476.08,8445.83
7404,25.0,4/11/2023,6822,81.0,648.46,4190.82
5118,21.0,9/26/2021,8738,15.0,384.95,3728.37
9966,17.0,9/19/2023,9266,95.0,981.57,9817.01
9864,23.0,10/5/2022,3940,42.0,996.71,5521.95
5376,5.0,5/30/2023,1909,5.0,116.65,713.73
404,13.0,7/22/2021,2987,4.0,88.96,596.43
2304,8.0,12/30/2023,8975,60.0,997.62,5002.61
992,33.0,6/1/2021,5847,16.0,352.04,604.63
7676,25.0,3/9/2022,8462,42.0,965.13,9764.98
7070,25.0,6/10/2023,5707,30.0,391.49,5791.58
8881,19.0,4/13/2023,4764,23.0,364.48,3706.91
6776,1.0,8/13/2023,8104,31.0,526.82,5413.16
1035,29.0,12/3/2021,3061,71.0,23.06,2063.47
2269,23.0,5/16/2021,2445,21.0,231.13,4564.32
4391,3.0,9/12/2021,4774,17.0,865.08,50.43
6371,35.0,12/16/2022,5867,85.0,808.0,3347.69
2538,4.0,11/15/2023,9088,23.0,698.37,7744.69
5642,9.0,5/24/2022,4305,48.0,83.46,3388.06
37,16.0,6/17/2021,755,63.0,62.73,9338.29
8125,13.0,3/9/2022,1909,28.0,494.44,407.9
3638,23.0,1/25/2022,6635,89.0,157.16,1989.95
3861,9.0,5/27/2023,3498,38.0,801.81,1548.73
7811,34.0,3/15/2021,8605,52.0,825.75,7830.56
3725,23.0,2/28/2022,7079,100.0,152.61,1898.47
6048,4.0,11/25/2021,934,17.0,134.29,9555.28
7935,1.0,10/18/2021,5244,5.0,921.41,5905.51
2388,5.0,11/11/2022,5690,57.0,200.92,402.92
9458,9.0,5/31/2022,849,93.0,748.22,7825.64
7187,16.0,8/9/2023,8080,99.0,494.57,5969.92
6794,29.0,6/20/2023,8327,25.0,98.15,8173.6
4847,31.0,5/28/2023,8655,63.0,427.31,3155.66
6287,2.0,7/14/2023,5659,92.0,600.87,4071.17
2215,23.0,9/24/2021,9828,100.0,398.22,4811.88
3071,29.0,10/17/2023,9169,85.0,818.59,3550.65
6987,21.0,2/13/2021,9788,80.0,437.47,1530.87
1946,21.0,3/28/2021,2260,91.0,499.07,253.99
8065,26.0,7/5/2022,424,47.0,551.13,153.66
7882,30.0,5/19/2021,1469,82.0,301.06,4967.43
1740,30.0,7/27/2023,973,88.0,895.61,9038.51
5137,32.0,8/20/2021,7274,57.0,780.61,668.46
8472,6.0,12/14/2022,4018,34.0,809.26,9499.16
7278,33.0,6/2/2022,3131,29.0,88.63,6026.24
4509,21.0,9/22/2023,5374,62.0,994.31,734.13
4085,20.0,7/1/2023,4175,62.0,890.58,8681.63
5999,4.0,11/26/2023,69,44.0,793.41,3118.59
6713,11.0,3/2/2022,6946,44.0,309.31,2512.41
1421,4.0,2/7/2023,7602,65.0,528.77,5301.18
9266,26.0,2/25/2021,11,98.0,354.63,8002.68
5069,18.0,4/20/2021,9555,28.0,210.53,8547.09
345,10.0,6/5/2022,1752,10.0,77.28,3945.19
2252,14.0,12/13/2023,8939,60.0,779.49,1718.62
7973,18.0,9/7/2022,2222,21.0,322.8,5402.04
9020,14.0,1/30/2021,5541,62.0,168.6,9787.9
324,2.0,12/11/2022,5429,32.0,211.03,4906.58
5340,14.0,12/8/2022,6469,39.0,330.47,7280.87
1180,25.0,3/25/2022,6872,30.0,157.39,2391.56
7378,23.0,5/26/2023,4894,6.0,4.29,8205.59
9201,17.0,7/22/2022,4623,61.0,241.29,3945.55
1408,6.0,8/14/2023,3738,75.0,479.74,6496.64
3791,10.0,7/1/2023,2007,56.0,455.07,1081.85
6632,13.0,7/16/2023,9714,62.0,466.69,7199.7
4408,35.0,3/18/2021,3311,38.0,979.77,2575.9
3037,5.0,3/8/2022,5586,36.0,547.66,1185.57
2606,34.0,10/1/2023,5249,95.0,882.56,4889.09
6152,22.0,4/26/2021,73,13.0,39.67,7951.85
2546,14.0,10/31/2021,7534,90.0,528.77,6910.14
4710,30.0,1/25/2023,6257,44.0,35.29,4504.69
8106,33.0,4/22/2021,8188,87.0,194.91,7692.63
4354,12.0,8/1/2022,5498,75.0,769.82,3383.64
7455,3.0,8/23/2022,5436,70.0,28.34,5281.54
2792,1.0,4/21/2022,1558,31.0,471.97,1017.87
6218,2.0,8/7/2021,6840,71.0,455.44,9708.97
8562,24.0,1/2/2023,538,89.0,438.47,5694.95
236,26.0,10/11/2022,9683,77.0,496.23,2262.26
8376,29.0,6/1/2023,4991,8.0,63.65,5909.18
4109,23.0,5/17/2021,1371,74.0,293.99,7855.19
5644,24.0,9/17/2022,7596,8.0,779.02,8636.54
5452,2.0,9/11/2021,917,100.0,357.61,9914.04
7833,9.0,3/30/2021,5610,13.0,85.76,1651.68
7735,22.0,3/2/2022,1811,4.0,675.88,4818.6
7078,2.0,9/2/2023,1417,84.0,782.15,2407.76
2691,28.0,1/20/2021,1156,61.0,388.11,4654.55
1006,8.0,10/4/2022,7220,90.0,492.52,9100.32
8151,14.0,6/28/2021,1383,17.0,154.89,6512.25
772,33.0,9/10/2021,9059,60.0,52.7,5934.77
8890,9.0,3/27/2022,5206,58.0,459.91,9455.12
320,25.0,7/17/2023,4228,8.0,793.65,1004.35
1037,3.0,8/11/2022,870,78.0,518.43,6964.74
9990,26.0,8/28/2023,3319,66.0,241.62,3347.14
3983,30.0,2/17/2022,6615,7.0,56.12,7236.92
487,5.0,1/31/2023,2491,51.0,722.36,3587.73
4691,31.0,4/9/2021,684,87.0,321.6,916.3
4585,25.0,4/21/2023,8182,42.0,48.78,6631.49
5552,30.0,6/14/2023,2510,10.0,821.44,9320.81
9132,33.0,1/17/2021,4027,80.0,989.89,5154.76
1541,27.0,9/2/2021,4276,6.0,90.68,2643.48
2347,27.0,12/1/2023,4678,63.0,942.66,2124.36
2642,17.0,3/14/2023,3628,5.0,906.49,183.89
7125,10.0,8/12/2021,2307,63.0,148.46,6968.76
6934,2.0,12/16/2021,1047,39.0,369.37,7741.7
1215,14.0,7/14/2022,7226,57.0,694.08,3573.77
5590,17.0,5/6/2023,7206,70.0,219.18,4898.85
4326,4.0,7/20/2021,1867,1.0,581.76,4501.87
3508,12.0,4/4/2023,9112,48.0,843.0,2347.88
9959,33.0,3/17/2023,4458,34.0,178.92,2322.39
9987,26.0,9/23/2022,3075,32.0,666.38,4689.73
8963,18.0,5/4/2021,5571,90.0,730.15,4135.73
6456,23.0,7/5/2022,6938,47.0,493.45,8524.13
4781,14.0,6/4/2021,2736,58.0,291.97,924.13
1172,32.0,3/9/2021,5577,25.0,949.06,2696.93
4255,20.0,7/18/2021,6498,92.0,108.63,3519.58
7324,9.0,10/9/2023,6872,16.0,793.76,8661.67
11,5.0,2/23/2022,6106,24.0,272.56,9104.93
6367,15.0,3/7/2023,6647,61.0,906.84,5131.27
4263,13.0,5/9/2022,9064,54.0,969.18,9568.48
7813,28.0,2/3/2023,2527,18.0,881.42,7567.6
8639,14.0,1/19/2022,2062,41.0,690.68,6954.4
6638,20.0,6/24/2023,8980,36.0,815.83,7191.84
9802,16.0,5/31/2022,7746,29.0,27.48,1104.87
6485,10.0,4/27/2022,8932,78.0,577.11,3195.46
5172,13.0,10/9/2022,8088,100.0,759.4,688.91
6806,9.0,5/16/2022,40,60.0,922.54,6708.09
8999,24.0,3/5/2022,8364,18.0,706.83,9768.04
5127,15.0,9/21/2021,5876,6.0,304.74,2526.73
882,33.0,7/3/2023,4098,3.0,201.67,2990.22
3095,4.0,11/6/2021,7034,31.0,679.56,3697.16
1625,12.0,8/2/2022,5349,60.0,455.26,9518.09
4009,11.0,9/12/2023,7567,46.0,627.59,7566.51
6961,31.0,6/4/2022,4016,50.0,859.8,2254.3
2479,7.0,10/3/2021,7922,92.0,437.92,4282.85
9633,27.0,7/10/2023,250,91.0,61.57,2851.88
5937,22.0,9/1/2021,3567,57.0,86.35,8096.73
3650,33.0,3/9/2023,3002,100.0,946.56,3415.89
3203,20.0,9/30/2021,9622,83.0,731.14,6168.69
4267,23.0,7/29/2022,9215,92.0,802.67,786.99
8596,9.0,11/16/2021,4466,14.0,510.85,5499.97
7456,16.0,6/23/2021,5619,97.0,396.9,3155.85
565,34.0,1/8/2022,7691,1.0,970.12,2472.32
1101,25.0,12/22/2021,9225,87.0,409.73,5895.82
2679,11.0,2/15/2022,2175,80.0,423.45,542.18
4229,22.0,9/11/2023,9893,29.0,834.23,9314.23
4002,16.0,10/15/2022,7561,43.0,55.31,6186.41
6952,13.0,7/22/2022,4880,6.0,857.9,6777.97
4548,15.0,7/30/2023,454,19.0,343.45,6.53
1982,11.0,6/2/2021,7644,11.0,648.02,5762.35
6103,16.0,4/3/2022,2013,83.0,373.85,1900.0
901,2.0,10/23/2021,7260,38.0,73.11,5378.54
1387,1.0,1/16/2021,6990,33.0,830.43,7045.18
101,8.0,7/25/2022,2507,98.0,229.66,8578.02
9519,33.0,11/15/2021,5972,49.0,800.98,4573.75
834,5.0,3/10/2023,9507,94.0,494.6,1308.28
9863,4.0,3/23/2023,9058,42.0,752.11,1074.59
6742,7.0,1/13/2023,8559,92.0,667.41,3787.6
8915,6.0,11/29/2022,4330,77.0,960.38,2692.32
1708,4.0,7/16/2022,8485,37.0,621.98,5426.15
4894,2.0,4/3/2021,885,72.0,348.37,801.25
8640,27.0,11/4/2023,7213,65.0,607.05,5654.75
8704,33.0,10/10/2021,2310,64.0,714.34,5322.51
6218,28.0,2/22/2021,2777,68.0,298.83,1833.6
4224,7.0,12/15/2022,4680,79.0,380.87,9293.41
8959,11.0,1/10/2021,6048,2.0,101.19,3381.69
3237,1.0,7/26/2021,5535,71.0,406.98,5332.94
3824,21.0,1/9/2022,6022,24.0,13.8,7616.39
2198,30.0,5/31/2021,497,46.0,756.03,1255.78
3471,20.0,2/9/2023,7475,63.0,957.45,1484.59
8187,7.0,11/11/2022,1469,48.0,679.72,3659.7
2103,24.0,5/4/2022,6339,36.0,616.23,3626.02
9125,35.0,8/3/2023,1292,21.0,22.06,900.32
8481,19.0,8/26/2021,3417,79.0,989.59,27.16
7985,19.0,9/21/2023,871,3.0,936.55,2454.87
537,6.0,9/21/2021,2330,82.0,662.25,1462.29
9280,13.0,8/7/2022,2931,66.0,537.07,2942.02
9398,12.0,4/26/2021,6869,28.0,401.53,1848.8
8041,33.0,9/21/2022,5562,72.0,469.92,845.09
7928,25.0,11/17/2021,6147,39.0,888.9,1824.69
6549,5.0,6/12/2021,2520,71.0,496.36,9134.57
8310,11.0,9/30/2023,5841,27.0,577.28,1776.61
7300,21.0,8/14/2023,358,62.0,721.99,4045.44
8740,25.0,8/12/2023,6150,2.0,502.06,2524.31
3405,29.0,1/5/2023,3906,70.0,30.76,1059.77
9222,4.0,9/25/2023,1595,32.0,468.0,3581.07
5448,11.0,11/3/2023,3226,42.0,140.81,6740.33
7299,27.0,1/13/2021,5164,11.0,596.05,6761.59
177,21.0,4/28/2021,8963,63.0,741.31,9579.62
1980,34.0,11/13/2022,5362,17.0,323.56,9085.87
4455,35.0,9/11/2021,8891,35.0,414.64,5758.26
9297,35.0,7/24/2021,4763,99.0,539.24,7540.46
9416,30.0,12/20/2022,7682,29.0,962.45,59.62
9835,9.0,6/1/2023,1612,51.0,835.13,1150.38
7563,13.0,9/3/2022,7996,49.0,481.75,8330.04
4664,21.0,10/10/2021,3800,13.0,814.95,5932.2
532,9.0,5/30/2022,3320,12.0,553.72,3807.56
2189,27.0,2/16/2023,8598,34.0,513.81,3092.8
3625,14.0,11/11/2022,4009,85.0,386.98,3375.64
729,27.0,4/3/2023,9540,65.0,816.35,2279.18
3595,9.0,6/15/2022,4051,54.0,693.61,351.39
9817,22.0,10/27/2021,384,27.0,148.78,1894.74
4880,27.0,4/7/2021,428,4.0,700.97,6189.59
8491,35.0,2/19/2021,6261,12.0,190.9,9564.15
2704,7.0,4/27/2021,1633,39.0,365.72,3789.32
4986,34.0,10/27/2021,4242,77.0,252.66,4331.03
8854,18.0,11/9/2023,497,69.0,721.19,9812.02
6416,27.0,12/31/2022,226,70.0,563.42,2698.57
9580,8.0,7/21/2023,2761,47.0,418.01,3092.74
1703,33.0,1/14/2023,5444,39.0,73.59,7228.03
2290,15.0,6/17/2021,4911,77.0,755.35,6512.69
2305,16.0,12/15/2021,1849,14.0,608.77,922.18
1632,9.0,10/30/2021,8425,26.0,859.2,5585.74
7691,7.0,10/30/2023,5609,39.0,77.39,8729.21
601,25.0,2/14/2023,835,45.0,887.11,1166.2
7681,3.0,10/25/2022,7138,64.0,424.01,5736.85
7471,18.0,11/19/2022,2403,11.0,756.99,3316.59
4737,20.0,3/20/2023,6001,57.0,246.16,61.9
5849,13.0,4/13/2021,1247,47.0,24.97,6203.26
4487,4.0,5/9/2023,8547,48.0,872.33,3450.82
1213,34.0,6/17/2023,6528,30.0,418.49,2050.43
3285,14.0,12/30/2021,1388,39.0,150.26,3812.29
2149,17.0,10/6/2023,815,92.0,567.47,226.71
3202,29.0,12/29/2022,5389,67.0,469.04,6507.84
8759,7.0,9/8/2021,7679,79.0,437.55,6514.15
7088,35.0,9/2/2023,8925,72.0,869.8,5570.53
2038,23.0,7/31/2023,4158,84.0,42.13,5515.53
4024,13.0,9/18/2023,3313,70.0,256.13,6209.62
7451,8.0,7/1/2022,8423,1.0,221.99,6683.97
6958,35.0,6/11/2021,4706,79.0,3.52,8107.94
1363,6.0,6/15/2023,6275,92.0,290.68,2150.21
9834,23.0,5/13/2021,6269,3.0,470.82,3209.66
8131,17.0,1/1/2021,3471,34.0,39.26,9301.14
9195,25.0,7/25/2023,5999,3.0,250.04,6243.33
2506,7.0,5/14/2021,6978,34.0,399.74,7109.72
8323,5.0,4/14/2021,5877,84.0,956.59,2053.82
4144,23.0,7/6/2023,8738,17.0,508.28,4848.97
3248,19.0,2/26/2022,1258,75.0,383.54,923.84
5686,17.0,9/7/2021,1263,62.0,655.98,885.68
3237,7.0,6/26/2023,110,66.0,237.04,4447.88
3776,21.0,12/13/2023,5688,84.0,862.91,5202.09
9798,2.0,3/22/2022,6434,31.0,26.27,8713.06
8648,3.0,10/2/2022,2466,89.0,89.27,1038.66
9671,8.0,8/11/2022,4081,64.0,982.27,6788.44
922,2.0,7/20/2023,9314,85.0,518.61,4303.73
9113,11.0,4/25/2022,1122,33.0,313.63,5659.33
2409,4.0,3/18/2023,6336,60.0,700.41,3809.92
9001,3.0,7/12/2021,2827,99.0,579.53,1076.92
8924,17.0,4/16/2023,3217,20.0,738.03,1341.84
4799,3.0,5/3/2022,7027,4.0,704.19,4417.43
1110,19.0,3/12/2022,9072,9.0,246.92,8564.36
7008,1.0,5/8/2022,5363,91.0,719.46,5262.77
1827,21.0,7/10/2022,5040,12.0,457.82,3182.25
4054,30.0,1/28/2022,3982,78.0,64.17,5469.84
749,4.0,1/14/2023,4330,19.0,540.27,7079.03
6116,5.0,11/2/2021,7827,1.0,837.0,8012.96
9647,25.0,11/18/2021,8912,99.0,770.14,5110.43
3203,33.0,9/4/2021,9345,37.0,19.04,8744.42
7644,6.0,9/29/2021,520,8.0,331.31,7980.31
1727,6.0,9/20/2022,4222,55.0,147.55,3623.61
6567,30.0,8/11/2021,4701,38.0,965.66,3406.41
7119,10.0,1/8/2022,9051,53.0,117.08,8746.47
5807,30.0,12/20/2023,6158,42.0,932.0,6131.97
9373,8.0,11/9/2023,9891,1.0,398.08,5669.25
6322,22.0,3/13/2022,6483,87.0,966.85,6436.35
8591,34.0,6/5/2023,1506,86.0,410.25,6766.0
6771,34.0,10/29/2023,2659,48.0,783.94,3767.45
841,9.0,5/16/2023,5086,96.0,407.26,4198.34
1020,32.0,3/17/2021,8688,38.0,833.14,5837.31
4789,18.0,7/20/2023,6672,5.0,873.93,9223.45
4475,18.0,2/13/2023,4258,76.0,448.3,9553.56
8829,13.0,4/16/2021,6955,46.0,256.53,5808.15
8892,26.0,6/6/2023,1498,3.0,326.87,548.22
2142,27.0,3/22/2022,6122,73.0,209.56,7378.84
9415,21.0,11/8/2021,2549,52.0,995.31,1610.32
4153,25.0,1/15/2022,8534,41.0,15.11,4173.49
165,14.0,7/14/2023,57,57.0,466.55,6163.77
5688,5.0,1/1/2022,1271,26.0,928.87,1604.81
5316,26.0,1/29/2023,3550,32.0,78.58,1164.26
7729,9.0,4/29/2023,9473,33.0,793.25,2526.79
8057,27.0,5/6/2022,831,46.0,229.82,4828.41
6433,25.0,5/6/2022,1258,80.0,147.71,1111.97
9656,28.0,12/7/2022,5139,78.0,21.03,3023.55
2820,15.0,2/19/2022,2711,46.0,627.82,63.4
284,1.0,9/1/2022,293,77.0,46.47,7560.35
3963,13.0,11/22/2022,5392,1.0,574.93,9247.86
6423,13.0,6/26/2022,167,11.0,827.52,4178.81
2954,26.0,7/8/2023,9261,92.0,630.63,4608.95
9401,2.0,11/19/2023,2965,51.0,83.21,4155.08
3155,8.0,12/14/2023,2232,73.0,460.42,7262.58
1147,34.0,8/13/2021,296,77.0,503.21,3983.68
4863,17.0,10/21/2023,4573,76.0,766.71,1493.29
5837,29.0,8/23/2022,3194,7.0,843.97,9229.28
2649,8.0,11/30/2022,9245,66.0,153.12,4108.9
3472,14.0,12/19/2021,8114,65.0,437.61,7255.05
7735,24.0,12/23/2023,1348,79.0,647.2,4760.95
7054,18.0,6/4/2022,6914,7.0,716.94,6999.27
6771,4.0,8/9/2021,9398,60.0,394.9,2726.59
1673,30.0,3/16/2023,5159,33.0,489.49,4659.02
6646,13.0,10/22/2021,3819,79.0,480.0,2416.39
1422,32.0,11/8/2021,553,44.0,294.01,2942.73
8917,29.0,8/24/2022,5664,22.0,573.16,4077.81
6077,33.0,1/4/2021,3188,53.0,694.91,7889.18
5267,11.0,5/30/2022,6803,95.0,81.63,9375.57
6841,9.0,12/24/2021,2412,4.0,314.86,8017.29
4805,20.0,2/16/2021,9240,36.0,171.99,7808.3
3891,4.0,8/26/2022,6122,62.0,425.36,7657.31
3964,25.0,11/11/2023,5500,82.0,676.73,9445.17
3936,31.0,7/23/2021,2715,85.0,195.14,7569.66
5665,10.0,12/12/2022,191,18.0,746.9,2043.74
1574,28.0,6/28/2022,7250,22.0,950.91,2947.92
7724,16.0,2/19/2022,6415,38.0,789.43,575.81
3863,17.0,3/28/2023,4280,52.0,538.78,714.18
7702,2.0,11/18/2021,8994,14.0,852.1,6774.94
5445,2.0,12/15/2022,3603,79.0,920.37,8812.4
427,13.0,1/12/2023,3357,33.0,232.06,504.07
272,2.0,1/6/2022,9452,29.0,296.22,321.79
1368,28.0,11/21/2022,6460,37.0,965.33,3127.12
8469,30.0,4/12/2021,4607,24.0,952.46,4846.17
5176,7.0,10/19/2023,6823,89.0,321.73,422.17
968,30.0,10/10/2021,4093,29.0,660.15,6268.11
3721,16.0,1/8/2021,9042,89.0,567.36,1679.1
412,6.0,8/29/2022,936,18.0,820.72,4483.22
9524,24.0,6/2/2023,3467,48.0,528.74,3528.56
3778,21.0,6/13/2021,8120,68.0,563.05,2164.83
4426,26.0,2/1/2023,3702,31.0,1.76,8674.31
1115,22.0,2/7/2022,1471,6.0,96.0,7737.64
2075,11.0,9/8/2021,3937,38.0,465.71,8911.47
4823,17.0,2/8/2022,5121,21.0,706.76,4414.99
8617,18.0,3/16/2021,1397,7.0,138.67,9992.05
7813,16.0,6/9/2023,6139,35.0,90.14,7425.8
4486,22.0,9/22/2021,1629,75.0,101.72,6726.19
7440,34.0,12/25/2021,8878,44.0,259.39,0.16
3916,31.0,2/26/2023,7676,24.0,142.82,8040.48
1394,20.0,6/8/2023,1716,34.0,555.18,5661.15
1649,18.0,4/29/2023,1268,24.0,441.57,9030.19
2404,22.0,4/18/2021,1633,1.0,355.81,3483.99
1256,18.0,7/31/2023,5320,56.0,915.45,5744.9
2512,20.0,4/18/2021,9485,8.0,449.87,1117.9
8047,34.0,10/26/2022,5528,13.0,868.18,6225.74
7550,32.0,2/27/2022,432,39.0,962.51,9949.08
519,33.0,9/2/2023,5602,24.0,900.68,5484.95
2286,1.0,4/15/2023,9741,92.0,859.96,1911.93
9298,17.0,9/30/2021,7968,80.0,275.9,1033.59
8755,9.0,4/21/2023,4394,48.0,33.59,3958.05
9370,12.0,8/26/2023,6809,80.0,88.93,9705.97
1139,25.0,1/31/2022,2675,12.0,577.48,2862.2
7074,29.0,6/4/2023,3353,30.0,553.44,2545.88
517,11.0,3/11/2022,4353,92.0,322.39,3015.1
9580,29.0,12/3/2022,6258,98.0,385.5,5751.48
1513,26.0,4/30/2023,3380,1.0,577.78,7003.09
7311,27.0,11/29/2021,6957,5.0,264.37,166.6
920,32.0,11/19/2021,5857,25.0,202.67,9902.76
7700,34.0,7/26/2022,1447,53.0,678.59,5183.41
9035,3.0,2/18/2021,8526,30.0,969.54,98.84
7193,24.0,4/19/2022,5750,10.0,866.94,4206.69
4259,11.0,12/29/2021,1335,28.0,256.76,1696.8
6726,14.0,12/29/2023,5653,27.0,563.92,999.38
4084,6.0,7/13/2022,3763,78.0,422.11,9822.9
3425,11.0,4/9/2022,4452,24.0,581.56,7877.18
5592,9.0,1/9/2023,2896,60.0,834.75,2209.54
3488,29.0,8/25/2023,7452,77.0,565.45,9916.32
9636,27.0,3/15/2022,2602,47.0,742.9,3857.82
7821,18.0,3/8/2021,1143,16.0,512.74,1741.86
6171,6.0,10/12/2022,1685,33.0,389.75,8723.78
1972,34.0,3/26/2021,5085,90.0,656.58,6903.89
8023,35.0,1/12/2021,6855,59.0,962.18,1825.57
7336,9.0,6/13/2021,8629,63.0,940.8,774.1
8916,1.0,6/6/2021,5876,12.0,334.21,9883.59
5956,12.0,10/15/2023,2549,28.0,116.17,4576.78
9431,35.0,8/8/2021,4488,41.0,845.33,7641.7
8077,15.0,6/2/2023,3109,60.0,758.81,625.71
6252,2.0,6/4/2022,7975,42.0,179.82,5141.04
7169,21.0,11/12/2023,2568,23.0,221.03,1072.66
9863,2.0,12/17/2023,5428,78.0,439.68,9210.16
24,13.0,2/22/2022,2995,81.0,589.46,3007.0
803,11.0,9/11/2022,4493,37.0,973.1,3120.43
6025,2.0,9/26/2022,9087,45.0,437.37,8809.01
7842,3.0,3/18/2023,4973,4.0,442.99,2015.64
8989,7.0,6/15/2023,5385,31.0,789.9,8589.2
6279,20.0,7/6/2021,4413,59.0,952.32,9716.52
8183,20.0,8/8/2023,8506,32.0,521.92,3104.74
1550,16.0,1/7/2021,8645,33.0,2.51,2740.31
9778,31.0,4/5/2021,4815,64.0,605.51,5605.63
6341,35.0,10/18/2021,8968,65.0,135.49,8179.74
459,24.0,9/11/2021,9779,59.0,589.56,8585.54
141,6.0,1/14/2023,2672,93.0,89.41,1764.96
9037,12.0,7/20/2021,7961,37.0,149.62,6349.89
6191,24.0,12/23/2022,4452,59.0,189.91,6353.22
5257,15.0,12/13/2022,5976,42.0,585.25,5930.64
7374,7.0,7/13/2022,6418,22.0,426.68,8409.84
5178,18.0,2/6/2022,4945,9.0,192.76,8295.25
4648,20.0,10/23/2023,5263,41.0,70.97,9326.72
9212,15.0,3/3/2021,9407,17.0,609.75,2383.69
8598,31.0,4/7/2023,5083,50.0,680.95,332.48
5297,19.0,11/11/2021,4871,70.0,278.0,2007.31
9768,14.0,11/7/2022,1209,35.0,785.44,4967.14
7360,21.0,9/24/2023,2319,26.0,739.95,5151.3
3329,9.0,6/11/2022,5397,59.0,291.43,9461.83
2777,18.0,6/19/2023,16,54.0,564.52,4489.13
8678,33.0,8/22/2022,4803,47.0,657.65,2579.57
6719,28.0,2/27/2021,5646,98.0,673.41,4237.57
7684,19.0,8/1/2021,5369,50.0,637.17,2275.67
6700,35.0,8/26/2021,5808,51.0,498.49,7394.61
66,25.0,12/24/2022,8771,60.0,42.05,7021.24
2649,1.0,6/3/2022,2726,60.0,755.75,174.43
1555,27.0,6/17/2021,2511,18.0,94.1,6458.69
999999,1.0,2024-11-01 12:00:00,101,5.0,,
999998,,2024-11-02 12:00:00,102,,50.0,
