customer_id,delivery_address,transaction_id,timestamp,item_id,quantity,price,total_sale
29530,708 Washington Park,5084,7/28/2022,8768,79,693.72,7199.64
3299,87403 Onsgard Terrace,4452,8/2/2022,2477,87,151.75,9198.79
14715,6 Lotheville Terrace,8057,8/16/2022,6654,45,532.29,646.37
29214,7 Shelley Parkway,4242,9/2/2022,9464,59,276.33,8087.76
34264,2 Sullivan Plaza,855,10/13/2023,5792,59,436.28,8746.23
12455,69 Meadow Valley Park,5407,8/27/2023,3840,65,640.93,298.77
31549,376 Mosinee Trail,1008,3/23/2023,6385,22,982.51,3190.03
24030,187 2nd Center,8429,11/7/2023,1036,77,818.88,438.79
19414,2887 Hoard Parkway,3555,1/24/2023,6744,26,214.92,4124.08
1078,63 Dovetail Parkway,2208,12/21/2023,7881,5,858.5,9594.34
6059,7079 Forest Dale Street,6134,6/17/2022,1815,54,890.89,9870.87
28361,2 Delaware Street,702,10/2/2023,7985,77,481.81,8652.45
20053,794 Golf Place,4763,3/19/2022,9431,22,372.8,24.32
21623,9948 Katie Pass,2586,12/25/2022,9734,47,647.56,2337.27
227,19 Texas Crossing,2320,4/25/2021,419,62,557.36,3337.6
36652,2271 Fallview Alley,7677,11/2/2022,7878,68,573.51,8246.35
15989,0 Bultman Junction,2556,11/14/2021,4,72,911.01,4582.1
5643,8548 Shasta Trail,6070,3/20/2022,778,34,611.52,4583.4
7441,045 Lien Crossing,7002,11/13/2021,9541,16,209.71,2433.68
18334,34751 Kim Pass,7203,5/10/2021,8633,92,636.17,1647.1
5325,90910 Holmberg Trail,6166,11/2/2022,3297,99,134.48,3801.43
33755,9 Homewood Avenue,7522,2/3/2023,2387,32,499.81,7552.83
20534,77136 Grim Court,4315,12/1/2023,5324,13,32.94,8395.32
33768,42782 Sunfield Crossing,5750,5/10/2021,2054,39,958.39,3936.92
35733,6022 Artisan Way,1320,8/8/2021,8279,63,883.15,3559.37
25457,9699 Stuart Lane,3317,4/27/2022,7897,94,320.33,5937.0
21510,414 Namekagon Parkway,6825,2/18/2022,1605,7,682.72,7246.08
39182,3196 Messerschmidt Point,4476,2/23/2022,8136,82,669.53,7339.82
39491,2275 Harbort Court,8184,5/18/2022,1046,13,653.97,5065.26
25704,64271 Morrow Junction,2873,3/4/2021,2730,36,855.77,2258.34
34585,32770 Washington Road,9148,1/25/2023,796,8,400.72,8238.5
34805,878 Northport Avenue,2969,12/18/2022,2696,47,200.31,4855.91
19981,0029 Autumn Leaf Park,9043,12/19/2021,4377,84,170.31,1882.88
6250,1916 Pawling Place,532,5/3/2023,4174,3,264.62,823.0
14139,8056 Thompson Street,1696,10/10/2023,2855,3,998.92,4825.49
18400,05781 Doe Crossing Street,137,9/26/2023,4452,74,129.74,3328.83
13571,0 Wayridge Drive,8245,5/11/2022,5629,16,753.31,6543.9
24745,70925 Pine View Drive,5747,12/6/2021,4472,55,355.78,6772.68
18277,249 Barby Drive,6124,1/7/2023,1672,21,746.19,1248.64
3116,0216 Bartelt Hill,6879,11/20/2021,1336,1,159.53,2180.33
25201,8 Thompson Court,9011,3/20/2022,442,78,554.99,2133.37
22086,3279 Helena Way,316,10/1/2023,3836,38,435.46,2913.31
24619,6 Village Circle,8172,7/1/2022,7509,45,21.17,3383.03
32081,51974 Eggendart Parkway,6197,9/30/2023,8184,96,617.68,6748.98
34142,2051 Transport Road,1394,6/14/2023,8632,37,411.59,9722.7
37526,36675 Prentice Way,2712,6/16/2022,1243,93,865.68,6138.29
29844,2 Fordem Street,5447,1/23/2023,6082,13,417.45,6188.41
13580,744 Carey Avenue,4217,5/25/2022,7429,50,675.33,3663.61
5938,3218 Superior Plaza,8632,9/15/2021,1931,91,784.32,8840.69
2805,382 Clemons Court,8466,2/11/2022,8711,36,998.24,6730.35
23016,4711 Almo Lane,1964,5/27/2022,1415,35,342.79,6610.3
7962,2 Karstens Point,2203,6/24/2023,8458,59,395.45,5039.27
12683,20 Gina Parkway,8177,2/13/2022,3492,26,840.35,2758.75
31537,490 Larry Point,1232,4/20/2021,6457,89,842.08,9009.44
3646,220 Saint Paul Point,4786,6/13/2022,5249,59,111.07,1778.48
18882,19 Michigan Hill,8033,11/18/2022,3850,90,801.18,4805.63
38745,819 Cottonwood Crossing,520,8/15/2022,6045,96,686.32,3106.78
19412,74 Granby Center,1007,12/18/2021,8187,17,779.79,7082.94
7192,80 Arrowood Road,2614,7/13/2022,6572,39,89.93,8890.94
10864,6 Mariners Cove Avenue,7276,5/9/2023,8964,8,118.24,2783.86
7261,2 Stone Corner Junction,2601,12/4/2023,6267,5,386.56,980.63
1967,08241 Basil Point,3574,6/26/2022,3709,64,340.97,9283.81
13966,79339 Burning Wood Plaza,2735,11/14/2022,5252,66,627.39,5342.53
36322,52063 Morning Drive,5030,12/3/2022,104,32,868.7,1414.54
6855,955 Heath Court,4174,7/30/2022,8392,42,990.0,6252.18
39,098 Basil Pass,5063,9/28/2022,6053,52,155.2,8417.06
33120,79625 Florence Center,5677,9/25/2023,5845,90,611.54,8495.98
15446,361 Roxbury Trail,814,9/24/2023,5835,87,646.74,4826.07
4118,0278 Bay Alley,6414,3/30/2022,9665,86,890.51,4296.6
3306,043 Arkansas Plaza,3455,9/29/2023,8168,61,139.37,4990.09
2164,931 Spenser Hill,3879,1/2/2023,5149,70,135.11,3113.57
9402,4445 Summer Ridge Lane,5174,10/4/2022,2394,6,820.93,3565.29
4564,82299 Saint Paul Lane,476,9/12/2021,5431,48,136.81,1152.31
33157,30763 Dovetail Park,6581,12/11/2023,5386,86,141.56,9419.45
33461,36 Vermont Pass,3088,6/16/2021,2845,29,463.32,8344.61
16090,45 Shopko Street,3709,3/26/2022,9669,8,547.28,6781.45
28181,2 Jenifer Place,6367,1/4/2022,3086,97,247.23,9321.31
36436,20 Almo Park,4350,9/2/2021,8001,60,578.58,2580.8
29459,948 Troy Street,3652,11/5/2023,1258,83,597.65,4210.34
20765,18172 Spohn Junction,6096,8/10/2022,6993,5,416.67,1368.3
30539,75137 Bellgrove Drive,2701,4/23/2022,9310,99,98.64,4343.65
13582,79 Melody Avenue,6193,2/16/2021,4716,94,972.93,8601.77
19943,7442 Roxbury Place,6944,7/12/2023,4031,67,88.46,6789.64
5551,526 Raven Pass,6188,3/20/2023,5467,45,799.74,4322.23
5712,7 Sachs Alley,2049,8/27/2021,7625,26,192.27,5166.94
35764,2 Oakridge Crossing,605,7/13/2021,4299,50,662.49,5035.83
32800,9 Vermont Terrace,634,12/4/2022,1098,66,269.12,9002.82
15242,21 Park Meadow Center,516,9/30/2023,6932,79,764.29,16.66
34037,18 Fieldstone Terrace,3040,11/9/2022,4363,37,534.33,4305.5
17354,59 Morningstar Center,8401,7/22/2022,5466,18,401.49,8542.04
33635,41679 Burrows Circle,5842,9/12/2021,3464,3,408.13,8230.54
22707,74290 Sachs Junction,6736,2/3/2022,7968,45,261.2,6286.29
36772,342 Dovetail Parkway,2302,5/27/2022,8194,59,162.06,4637.26
9224,60 Northland Lane,2728,12/25/2023,2092,74,199.41,4325.66
36477,2917 Fair Oaks Road,7964,8/31/2022,8788,58,857.48,8932.02
20051,25706 Boyd Parkway,8682,2/15/2022,584,37,645.54,1602.36
8781,48956 Morning Way,5305,3/4/2022,5188,100,346.55,754.37
37185,86385 4th Drive,677,12/18/2022,4559,43,246.87,3955.3
17660,334 Quincy Alley,5861,1/24/2021,6611,33,697.45,9920.64
6219,17841 Tennessee Parkway,803,6/7/2022,5666,87,175.38,5727.82
921,08 Killdeer Crossing,3217,6/23/2023,982,81,767.06,3771.62
25140,868 Thompson Point,1040,1/29/2023,174,8,727.39,7404.53
6735,61 Redwing Crossing,8281,12/12/2022,9846,2,377.97,4621.08
26593,28 Lake View Way,6965,6/6/2022,3916,48,769.88,1387.21
10277,67 Calypso Crossing,4270,2/11/2021,6835,68,646.06,6257.85
2463,72734 Saint Paul Terrace,5437,7/6/2023,6542,52,601.99,2716.05
38063,044 Vernon Hill,7265,1/18/2023,4955,26,118.94,9627.77
24382,43088 Mallard Junction,2027,3/13/2023,1983,16,682.08,2474.95
7900,1858 Roth Hill,4596,11/7/2021,5094,72,618.88,5280.3
16718,74 Nova Crossing,2796,1/14/2021,5716,22,372.98,5236.19
36490,33087 Ryan Hill,8990,9/11/2021,6519,40,878.45,5408.44
10848,0915 Golf View Plaza,4164,3/28/2021,3415,23,796.12,6894.25
17115,15 Green Ridge Crossing,4893,8/26/2023,8078,63,769.47,9558.58
24071,3466 Sherman Point,4546,4/16/2022,7266,98,880.93,1942.24
35023,6 Garrison Park,1662,8/23/2021,3029,96,185.23,6274.67
11218,48 Mallory Alley,6741,11/12/2021,6758,88,733.48,3452.12
1642,18 Montana Court,60,1/28/2023,7545,24,631.15,123.01
3668,0221 Green Lane,661,8/28/2022,4770,76,808.61,9046.46
33756,92 Arizona Center,8914,12/30/2023,8853,91,113.47,5708.94
15639,6 Manufacturers Park,8040,8/16/2023,6334,33,728.88,6004.59
26239,7 Pearson Way,7822,1/29/2021,495,88,520.58,3896.3
4703,90381 Weeping Birch Trail,7364,10/6/2023,6737,97,48.35,2553.14
38513,418 La Follette Drive,164,11/8/2021,3816,17,593.62,6124.14
611,458 Onsgard Court,1270,11/14/2021,9002,32,586.9,4356.26
11049,528 Cardinal Park,1900,9/6/2023,2127,79,948.63,1350.31
24410,48 Bay Pass,9210,1/31/2022,5098,18,870.28,349.01
5414,7236 Fulton Street,8455,8/30/2023,9335,22,709.93,4283.42
21950,0 Texas Drive,7192,1/18/2023,9898,64,174.51,4742.27
5977,17 2nd Hill,1562,10/24/2021,4725,56,944.6,7360.81
20560,68947 Service Lane,6192,8/4/2023,3805,76,167.96,7185.81
15801,4768 Dexter Plaza,6973,10/10/2022,673,77,874.06,2201.47
31820,7476 Cambridge Court,4480,12/9/2022,6229,11,991.97,3823.71
29558,493 Straubel Place,5975,5/19/2023,8428,71,446.15,8472.37
39286,70575 Bonner Road,2461,2/19/2021,4545,64,961.9,4992.44
20101,726 Chinook Hill,4635,12/15/2021,8305,37,936.67,1275.53
13948,2 Shopko Crossing,3905,7/11/2023,7862,87,631.16,6661.95
12485,0337 Lakewood Lane,9863,8/12/2022,6419,21,183.41,5680.52
3911,7852 Hazelcrest Junction,4532,5/26/2021,6579,100,357.62,9208.73
15854,4 Towne Trail,8565,10/11/2021,6460,77,212.16,3841.13
12597,6914 8th Lane,2529,6/26/2021,7901,32,606.17,9128.99
26096,1 Pankratz Street,4750,2/8/2021,442,91,462.72,8489.81
3630,82276 Kipling Parkway,8705,5/6/2022,9008,55,300.23,4228.09
24926,70226 Heffernan Street,1946,6/20/2021,7226,64,880.4,2839.05
14453,57 Meadow Vale Way,735,1/19/2022,1789,61,233.5,5468.39
22037,252 Pepper Wood Hill,1057,9/1/2023,3189,13,920.2,8270.08
12221,45 Jana Point,3559,9/5/2022,940,53,88.69,1776.42
21277,1918 Forest Dale Trail,7553,5/21/2021,1418,70,872.78,652.61
12992,84627 Roth Plaza,5974,9/23/2022,1407,85,812.41,7138.36
2047,9 Hayes Lane,3369,4/29/2023,3223,98,553.3,4078.28
14781,614 Prairieview Trail,5510,1/10/2023,1864,91,16.99,6240.27
1271,4 Quincy Plaza,5390,5/6/2021,734,20,378.86,6394.33
34286,52 Hallows Street,7898,1/17/2023,788,19,259.54,3041.65
38083,57 Logan Street,5543,3/16/2022,9177,30,842.59,9159.71
25849,2 Milwaukee Place,3716,11/7/2023,9820,13,101.41,9942.23
29862,0581 Kennedy Junction,2866,9/22/2022,43,9,825.3,8227.02
10957,95596 Mayer Avenue,2210,10/30/2022,9897,34,696.4,5217.8
3727,6 Fordem Hill,8288,12/16/2023,9306,13,773.67,3466.46
28217,6537 Fisk Hill,9571,11/12/2023,593,26,800.86,8124.62
38461,4626 Starling Road,6345,6/21/2023,1166,43,9.54,5786.88
37637,990 Bobwhite Terrace,4965,6/1/2023,9385,68,774.38,2693.68
2673,913 Orin Parkway,8290,10/26/2022,5172,20,717.7,6043.27
27481,4880 Hermina Street,5273,8/4/2022,1794,93,732.12,5630.99
24564,03400 Sherman Alley,6721,12/12/2021,3247,11,319.18,5341.12
21885,5350 Crownhardt Point,7004,9/24/2022,4530,39,954.93,9411.36
13984,5 Mifflin Center,1166,7/5/2021,9359,66,760.23,3012.76
3911,4 Susan Place,5611,4/12/2023,3674,91,961.52,7453.65
12081,1261 Mayer Road,5776,4/24/2023,5240,97,60.85,7278.33
891,9888 Orin Junction,1206,3/2/2023,9857,39,186.14,504.67
39459,093 Fuller Point,9148,12/26/2023,1100,26,938.82,4928.89
24001,43403 Northland Circle,5237,4/19/2021,8401,9,768.83,4380.1
32306,62 Morningstar Place,6354,7/29/2021,3069,40,998.88,2439.74
25199,0698 Forest Run Drive,3253,12/2/2023,3903,3,288.89,5678.2
23713,706 Hayes Crossing,6208,1/13/2021,8667,90,266.9,2399.99
39591,4 Thierer Terrace,4691,3/15/2021,4761,57,907.21,7815.13
21413,04 Derek Lane,6578,6/24/2021,6024,18,472.77,3967.76
22145,8219 Jackson Crossing,5731,5/6/2021,1582,43,339.61,4374.63
5565,47159 Tennessee Junction,4992,10/15/2022,5127,14,398.94,3635.5
13831,02195 Continental Parkway,3780,10/31/2022,8218,39,357.52,8770.72
1958,5 Laurel Pass,7751,2/28/2021,4092,68,106.31,8937.69
24699,340 Kennedy Avenue,6176,8/24/2022,9711,3,410.48,5026.74
10181,95 Autumn Leaf Park,7652,9/18/2022,7807,94,449.36,5442.64
1396,555 Sherman Parkway,7361,11/20/2022,187,98,737.28,8187.72
29808,1 Maywood Point,9322,4/28/2021,4207,9,468.87,4830.67
25775,88 Dawn Trail,3806,3/16/2021,5122,82,722.67,5339.4
20886,937 Stoughton Center,4997,4/29/2022,5745,63,883.4,5111.19
17804,3969 Lighthouse Bay Park,40,11/16/2023,9422,38,724.47,3424.62
23152,36280 Fairfield Place,5817,4/18/2021,9798,9,64.67,8195.1
37930,3685 Warrior Park,6336,6/26/2022,1830,63,720.26,5914.08
26394,627 Raven Street,3358,11/22/2023,4062,1,285.7,3508.28
980,6 Union Drive,1207,7/9/2022,4575,54,840.61,75.84
3673,98 Eagle Crest Point,4766,5/16/2021,2239,50,774.73,461.11
23610,65350 Coleman Court,3229,7/3/2022,6508,42,490.64,9584.67
5886,99 5th Plaza,1060,11/12/2023,5838,48,158.12,7896.62
16354,034 Welch Terrace,1606,8/17/2021,3917,28,946.98,3665.31
5420,7220 Goodland Center,4414,11/13/2022,4746,87,16.06,4954.01
23349,72 Manley Trail,4407,3/12/2022,9393,64,778.54,4181.02
25160,1 Buell Alley,9565,8/24/2021,9060,54,673.24,1158.25
35206,14 Artisan Circle,2380,5/9/2021,9527,70,358.27,7696.38
8981,11 Dayton Avenue,6355,4/3/2023,6394,47,792.98,1113.5
7187,8 Victoria Parkway,9670,3/23/2021,9419,19,74.88,431.93
26113,3 Sheridan Way,6187,8/12/2023,6570,5,645.64,3207.64
32386,294 Northwestern Place,7796,9/11/2022,452,15,217.28,7184.29
10064,7 Melvin Crossing,6134,2/2/2023,7208,64,998.99,4206.13
11609,2620 Vera Junction,7935,9/20/2021,9843,90,320.19,1175.23
26362,70 Mendota Trail,2987,7/23/2021,2350,100,525.98,4134.46
5005,2424 Eagle Crest Circle,1186,6/5/2022,9541,13,612.77,4030.3
33028,0078 Dottie Center,3874,12/14/2021,6558,32,874.71,2783.94
29876,2 Holy Cross Crossing,8204,2/4/2021,8647,2,830.81,249.22
4297,8 Novick Crossing,530,12/21/2022,5009,51,296.68,3159.43
35897,986 Lerdahl Street,8373,2/6/2021,5252,15,671.56,6928.1
15792,3 Sundown Plaza,6347,9/23/2022,6290,59,748.78,5313.92
7795,889 Grim Hill,8733,6/15/2022,2659,95,412.46,4020.02
19299,76559 Sullivan Plaza,4465,9/22/2022,2594,41,185.67,5910.66
27653,749 Meadow Ridge Circle,2384,7/20/2021,6074,86,412.38,5307.78
13822,4 Gulseth Pass,3883,1/28/2023,9298,30,95.77,3721.88
23873,653 Dakota Way,4179,4/7/2023,9467,71,171.3,9492.11
23148,1 Manufacturers Crossing,6228,4/19/2023,8096,6,376.2,1923.34
35856,503 School Place,7956,4/23/2023,3627,24,329.59,3812.22
33070,589 Dottie Way,7302,1/1/2022,3326,55,68.89,1266.47
2971,352 Debs Circle,3849,6/8/2023,7241,45,309.43,4642.27
24620,62070 Beilfuss Alley,6894,8/30/2022,9755,72,698.99,3725.25
6514,58178 Roxbury Alley,3312,4/22/2022,7564,67,863.73,3196.71
33209,8 Springview Point,5860,6/22/2021,5057,26,449.8,9919.88
10315,51079 Meadow Valley Pass,8081,4/5/2022,1092,98,799.85,4668.31
15251,7 Rigney Pass,2304,3/17/2021,5285,94,981.34,353.12
16618,9 Cardinal Point,5452,4/25/2022,5705,77,853.87,3721.6
5966,315 Luster Place,9285,7/8/2022,1458,96,47.92,8014.9
30861,8 Bashford Crossing,1659,11/3/2023,5807,73,840.03,3697.48
1312,65 Nova Plaza,4995,7/31/2021,5907,69,62.97,9996.25
635,64 Gina Parkway,2351,8/26/2022,8180,2,450.06,9719.48
16881,0 Maywood Road,2135,9/5/2022,826,29,866.92,3613.27
38108,681 Troy Way,1102,7/28/2022,8131,66,459.97,2495.22
16808,98 Brentwood Terrace,9609,6/20/2022,9924,41,99.25,5843.75
7970,00 Stuart Road,3802,6/23/2022,802,52,189.6,2518.68
16621,58404 Tennyson Plaza,8523,10/18/2022,9142,91,928.37,7675.42
12359,567 Warner Alley,2640,2/11/2022,8044,100,215.08,120.59
2945,0688 Coleman Circle,5458,5/7/2022,6876,57,325.04,4772.82
27003,597 Lerdahl Center,7329,1/21/2021,9731,55,348.68,3976.31
609,42638 Gerald Hill,1971,3/11/2023,89,8,50.07,6745.13
9736,7 Vera Place,8260,1/27/2022,1497,65,216.91,1134.22
14211,47 Farwell Terrace,9133,6/30/2021,7961,31,801.08,3248.27
11190,40253 Thompson Plaza,2378,7/10/2023,1139,58,890.59,6948.4
9649,231 Maryland Alley,2994,10/3/2023,6180,97,901.7,9419.22
33793,16529 Crownhardt Alley,1808,12/26/2022,3012,14,659.6,9404.31
1238,06269 Charing Cross Way,9305,3/25/2022,3268,98,399.43,8951.02
20070,29954 Bashford Drive,1393,8/5/2021,7694,94,615.36,4252.53
7503,9 Bluestem Hill,791,11/15/2022,6390,79,8.82,5431.1
21389,14 Elgar Way,3423,4/25/2022,8702,40,26.0,2273.0
33774,390 Dorton Pass,2413,6/11/2021,6124,84,799.96,3586.56
16075,5504 Del Mar Junction,8567,6/12/2022,5637,66,67.35,3095.99
15552,3005 Karstens Circle,8148,1/11/2022,4233,62,639.43,1181.03
6047,71333 Mitchell Lane,7721,12/9/2021,3195,96,34.73,228.71
15176,84 Ryan Hill,5044,12/29/2023,6839,77,467.61,2527.81
7234,848 Ilene Road,6003,7/15/2022,2465,96,328.02,1642.2
14781,59 Colorado Terrace,7963,9/24/2022,8806,47,827.08,1807.5
1021,4 Mesta Trail,6529,6/13/2021,9372,42,859.81,8530.93
8409,600 Sutherland Place,6558,2/17/2022,345,61,204.03,1199.78
16366,086 Farragut Pass,8288,5/17/2023,1062,38,969.18,2936.72
8142,136 Nova Avenue,7188,2/11/2021,5674,44,630.37,327.33
15653,5 Prairie Rose Trail,6569,11/10/2023,8208,87,591.87,2416.11
28024,9 Evergreen Way,3539,12/10/2023,3465,23,380.79,5368.12
37329,903 Farmco Hill,5180,1/5/2021,1692,67,905.88,5155.66
23290,33 Warner Drive,1516,2/1/2021,3118,78,216.48,5311.4
33364,81597 Ridge Oak Court,5999,9/21/2023,5661,34,158.12,8436.26
10740,782 American Alley,4171,5/5/2023,3214,94,947.52,6074.05
20353,6 Spohn Alley,4813,1/21/2023,8559,82,451.59,9294.3
34606,434 Russell Point,6955,12/10/2021,8333,61,714.5,7963.0
18189,3 Fuller Trail,8936,3/11/2021,1043,50,285.66,212.74
27485,045 Caliangt Park,2214,2/5/2023,2314,98,400.17,6366.01
21168,5 Mandrake Drive,6806,12/9/2023,9633,36,739.93,1649.21
37118,070 Stang Junction,3611,3/10/2022,2336,26,325.07,2275.61
13485,7 Hanover Terrace,9159,1/5/2021,226,9,997.11,4455.63
2046,10 Cody Hill,5025,11/1/2022,48,42,358.62,2073.56
29598,6706 Lukken Street,9123,12/2/2022,485,18,589.01,217.64
22168,8 3rd Parkway,3038,10/27/2022,9614,89,110.89,3488.02
39792,943 Bay Drive,8456,2/22/2021,4204,74,948.91,4623.6
32646,7 School Avenue,8456,2/27/2022,104,87,267.11,2592.85
20955,1625 Del Sol Point,9162,12/13/2022,4869,99,524.73,973.47
36640,6073 Tennyson Alley,210,2/24/2021,1258,94,429.39,1307.01
737,299 Mallard Road,3728,8/22/2023,7821,97,518.25,8590.85
32235,75285 Jenna Street,593,5/15/2021,7134,14,880.65,274.49
13311,9852 Hoffman Center,2113,10/5/2023,440,30,309.55,9036.28
9208,2534 Bashford Trail,5956,6/1/2021,2232,97,685.37,9327.63
5407,9473 Anhalt Hill,2566,5/27/2021,3634,11,301.62,9217.65
5107,03522 Sutteridge Place,2030,5/15/2023,3463,55,123.48,1590.3
10525,545 Forest Run Parkway,8073,12/26/2021,619,33,72.93,5926.58
32182,3652 Southridge Drive,190,2/4/2022,5814,78,557.89,1735.03
272,3329 Lotheville Pass,8352,6/28/2021,5605,36,597.83,3538.3
13043,594 Kedzie Alley,602,12/7/2023,9911,11,520.6,5778.25
13560,0 Green Hill,6177,1/18/2021,870,66,806.51,6357.2
674,73499 Moland Point,9219,8/1/2023,3945,96,402.0,4671.21
31923,09761 Mockingbird Court,192,12/13/2021,8913,93,286.87,3312.82
7548,43311 Scofield Court,3025,7/4/2023,9377,70,254.11,4392.28
22316,8 Ronald Regan Pass,5540,5/20/2021,8786,28,617.19,9157.79
14243,030 Bluestem Pass,838,2/19/2022,7636,18,471.83,5098.63
328,36 Cottonwood Center,7927,3/23/2022,5339,14,106.46,8159.46
20545,381 Stephen Lane,9379,1/16/2022,8359,47,32.66,4986.58
2135,03181 Fisk Point,3919,2/13/2021,7063,8,53.31,4864.96
35210,088 Lillian Court,6093,9/21/2023,5921,63,795.82,8587.35
7953,633 Kipling Center,3929,3/31/2021,5259,24,959.11,5467.88
28778,0858 David Terrace,8124,7/10/2022,9823,43,833.25,2522.07
31505,841 Atwood Alley,9967,8/17/2022,4119,59,51.49,3.37
4386,1 Cottonwood Plaza,2912,11/19/2022,2105,37,90.37,9054.62
18440,468 Heffernan Court,3251,6/1/2022,5305,14,264.29,2223.71
17604,058 Valley Edge Center,7554,6/21/2021,8547,20,865.37,4496.72
30721,73958 Norway Maple Hill,4687,1/4/2023,3628,53,77.09,5125.74
21836,64 Carey Alley,113,12/13/2023,7765,96,299.6,6976.54
16938,0910 Village Green Junction,8186,4/21/2021,7346,10,438.88,2301.7
9055,589 Ridgeview Road,9293,8/23/2023,2455,60,86.22,4005.24
21850,87546 Anniversary Point,2805,6/10/2021,9049,94,161.48,8414.41
15509,8174 Linden Hill,8582,8/1/2021,7612,18,239.26,2761.41
39590,21226 Hermina Avenue,5433,7/29/2021,2496,74,364.89,1571.66
4079,4028 Hudson Court,1052,8/8/2023,3944,24,440.77,9135.12
39458,640 Prairie Rose Hill,2315,7/20/2021,7211,50,149.08,720.85
17643,8657 Saint Paul Pass,5856,3/9/2021,9647,52,939.54,8439.28
29688,086 Northfield Point,3531,7/22/2021,5445,45,242.9,8717.65
34885,772 Warbler Avenue,5582,2/1/2023,3320,21,207.95,2426.86
11496,3303 Donald Crossing,1114,11/20/2023,6654,72,521.56,7686.35
35651,3843 Novick Road,3346,8/4/2021,3316,1,179.34,8405.34
39652,51 Lotheville Terrace,9387,8/8/2021,4131,73,121.93,4293.23
8815,971 Golden Leaf Street,9951,2/1/2021,4146,92,633.56,4442.6
23891,80 Sycamore Pass,3926,4/8/2021,1259,47,660.05,3461.41
37248,4 Novick Parkway,7504,7/5/2021,9793,85,153.1,3271.65
16689,993 Corry Way,8906,12/13/2023,9414,47,889.84,7306.32
23477,13 Melrose Parkway,1419,12/4/2021,1708,81,70.6,9509.24
31008,788 Onsgard Street,180,6/19/2021,5918,32,742.46,9661.22
31274,2 Elmside Pass,4633,7/23/2021,312,68,426.61,4099.05
11512,48 Golf View Alley,3502,3/21/2021,7500,72,60.31,9291.56
22116,97762 Steensland Alley,5390,4/9/2022,8845,85,776.57,2261.7
23768,38397 Mendota Pass,8456,4/22/2023,9416,86,680.65,1595.82
23707,53021 Gateway Avenue,4452,4/17/2022,7468,63,746.56,1946.22
21332,6 Harper Pass,914,4/4/2023,431,39,627.36,7177.41
19837,635 Golf Course Avenue,7594,7/17/2023,1526,28,226.56,7778.76
38449,92 Washington Road,2734,3/22/2023,972,14,530.37,5140.66
27492,012 Gerald Terrace,1575,9/25/2023,5391,9,106.87,5849.39
10258,36142 Schurz Pass,7500,8/30/2023,769,32,487.11,7138.83
13002,61 Meadow Valley Avenue,2788,2/15/2023,9954,11,369.28,9505.6
38881,16 Toban Park,9034,12/23/2021,4290,94,429.81,8105.78
36282,376 Nevada Terrace,9099,2/11/2022,4057,36,461.47,290.9
19693,9 Sullivan Road,1898,10/23/2023,2605,79,143.12,752.47
18312,5235 Prairie Rose Lane,2031,11/18/2021,2906,10,9.71,6873.9
22338,16 Merry Plaza,5295,6/14/2022,8652,49,856.44,3963.76
23405,391 Corry Trail,7822,12/29/2023,9010,13,133.05,6605.18
1132,8363 Gerald Junction,4530,3/23/2021,2090,88,440.34,1484.19
6128,6 Monument Alley,3723,4/1/2023,4476,13,728.58,422.44
29087,2482 Garrison Court,9684,9/1/2023,2413,24,422.57,6807.42
18393,02146 Merry Point,2973,2/16/2021,7830,49,111.05,6158.01
10333,9490 Almo Circle,4797,8/24/2023,4732,41,221.54,7353.1
435,0520 Nelson Hill,3343,2/20/2022,3110,85,931.08,9545.56
864,7 Springview Road,7531,1/15/2022,6978,4,297.25,5670.81
21574,35065 Eagle Crest Crossing,1961,1/10/2022,3491,22,908.71,4711.62
12388,87 Evergreen Pass,5085,4/16/2021,3096,96,798.68,7852.65
23096,511 Autumn Leaf Pass,7812,12/4/2021,8909,95,552.53,4654.05
16080,26 Shopko Way,585,3/21/2023,1684,58,74.8,1488.21
19531,69 Bay Alley,3295,3/8/2021,8868,5,294.49,1144.05
35106,827 Chinook Junction,4742,3/10/2022,296,21,325.14,3556.64
2792,96 Hayes Drive,7368,12/6/2022,1463,18,386.68,2128.68
1824,3 Eggendart Park,7913,11/3/2021,4523,31,857.58,9425.71
35923,80 Shoshone Lane,7874,7/12/2023,3985,38,409.53,9444.56
14685,3007 Namekagon Parkway,8679,11/15/2021,5834,65,242.02,4440.85
25807,2215 Glacier Hill Court,4833,5/19/2023,5896,8,329.53,8258.95
10312,50 Old Gate Drive,9707,11/19/2022,9517,24,36.42,8586.02
18923,4 Hallows Circle,6519,1/8/2022,5139,76,746.51,9762.05
29085,3 New Castle Alley,3508,12/2/2022,7734,89,371.28,9449.52
2631,81 Darwin Pass,2974,5/8/2021,9918,34,362.24,3573.46
37457,79 Hanson Alley,426,12/21/2022,5143,10,429.29,341.67
22329,811 Canary Alley,4555,7/6/2023,3926,29,610.73,2032.52
29644,4394 Marquette Park,3106,8/17/2022,5765,76,581.24,3799.97
9407,5 Mesta Crossing,6963,2/24/2023,6171,55,439.08,2549.34
37213,6 Marcy Crossing,1897,2/15/2023,1449,100,47.14,7562.96
21393,780 Meadow Valley Hill,8009,10/6/2022,1603,52,375.34,150.02
29873,83 Swallow Lane,4489,1/13/2023,6139,42,839.0,2591.28
27109,36 Oak Lane,4011,8/27/2021,5667,50,330.63,2024.27
30552,74 Truax Street,994,5/29/2021,8784,67,81.83,3015.52
4251,69 Dovetail Hill,4181,7/2/2022,7153,34,831.51,1664.72
12725,479 Maple Road,6177,1/5/2022,5643,63,528.56,2103.39
19889,129 Golf Course Junction,6685,9/14/2021,2440,97,102.8,7587.92
31409,29 Trailsway Junction,3778,2/14/2022,157,100,598.74,9437.97
26162,89 Badeau Crossing,2229,6/11/2023,3911,20,102.47,8640.38
31409,791 Green Parkway,3282,6/4/2022,1581,37,474.7,2823.43
5787,8011 Dakota Parkway,2353,11/20/2023,7106,96,239.69,6492.61
11433,5 Declaration Way,8763,10/16/2021,7944,92,124.87,6883.7
13945,4 Burning Wood Crossing,9432,8/26/2022,7313,41,924.42,8226.24
2420,9 Schlimgen Pass,468,10/18/2022,3977,22,122.57,8640.84
39706,51 Michigan Way,7582,1/22/2022,2873,50,264.75,5480.87
4706,218 Green Ridge Place,6693,10/12/2021,4738,83,958.42,806.97
23219,3 Clove Court,7927,4/23/2023,4565,30,648.38,2322.57
30028,28144 Sachs Parkway,6459,12/8/2021,82,57,316.77,3269.61
19388,269 Annamark Plaza,8348,6/1/2022,2645,82,800.46,8815.14
25374,34 Maple Center,8681,6/7/2021,84,62,432.59,5775.13
22973,30235 Eastlawn Drive,738,7/31/2022,1522,42,491.1,2499.69
23545,57676 Hermina Lane,6637,7/10/2023,1870,80,399.4,8981.85
8462,3 Artisan Pass,1059,6/5/2022,4878,63,437.01,393.13
11231,673 Maryland Park,8033,10/20/2022,4365,94,578.04,9405.94
16334,05 Beilfuss Point,4051,12/22/2021,2499,33,604.95,2646.49
32280,2 Fallview Park,2819,11/9/2023,4886,77,667.28,8659.99
9040,5369 Shelley Junction,8278,8/7/2022,8455,5,165.27,499.82
9236,13 Rigney Circle,773,7/15/2023,1998,70,212.85,2562.33
13093,4834 Sutherland Way,8752,4/2/2022,8811,33,810.39,2697.64
15994,19638 Maple Crossing,9075,6/1/2023,527,31,859.49,8752.23
10032,56482 Kings Court,5177,7/6/2023,7705,96,90.16,5673.76
17891,44 Stuart Point,8680,7/9/2022,9838,15,56.39,1912.45
10647,920 Swallow Terrace,8341,5/8/2021,6526,12,315.89,4526.01
24332,60 Victoria Way,3463,7/10/2022,2959,41,509.11,6418.36
11943,13 Waywood Trail,4048,2/13/2023,5011,85,64.92,1282.26
21725,4 Randy Park,1816,4/23/2022,6451,59,131.41,1434.42
24955,62596 Ludington Terrace,861,6/11/2023,1240,75,940.25,5855.25
35808,45884 Utah Terrace,4244,5/8/2023,2272,72,330.25,8439.38
4898,923 Manitowish Parkway,6591,3/12/2022,1031,60,451.64,6918.97
29357,988 Miller Point,6504,12/15/2023,9721,77,521.58,4541.49
12994,4 Main Terrace,1023,9/27/2021,1733,28,286.34,3324.06
39754,96385 Arizona Way,7798,11/9/2022,9293,36,247.64,6369.32
23757,4778 5th Alley,3491,3/24/2023,883,94,605.74,488.9
25758,61 Superior Alley,7164,12/31/2021,1588,50,413.65,7418.19
23064,617 Doe Crossing Way,9661,4/25/2022,5896,78,736.98,8064.37
8562,8412 Wayridge Street,3715,4/20/2023,4293,79,160.94,5584.32
9222,114 Tennyson Junction,8617,1/8/2023,6109,61,890.42,9805.53
22409,07 Clarendon Drive,4948,7/21/2021,9462,93,496.54,7687.83
7085,68 Merry Court,7607,9/1/2022,8038,7,181.48,3555.09
6041,57 Twin Pines Way,8346,8/12/2022,5751,20,378.9,1152.23
16797,31 Di Loreto Hill,5602,11/21/2023,2036,24,516.92,9006.88
10200,26 Macpherson Plaza,3788,2/2/2023,5172,24,703.29,6671.59
31031,608 Dottie Park,4722,2/1/2021,6969,3,630.49,8774.33
12100,3 Schiller Alley,8233,4/12/2023,5731,81,383.83,8083.22
11676,3645 Iowa Road,6362,10/21/2021,4678,73,833.63,3287.41
22103,0649 Cascade Drive,1338,7/14/2023,2765,17,27.25,9755.89
8888,604 Summer Ridge Circle,6336,8/4/2022,1406,11,639.79,1389.08
4717,288 Maple Point,6763,11/8/2023,6531,57,782.31,9155.9
4827,3 Helena Road,4860,2/21/2022,7200,47,241.55,8030.88
28004,9 Colorado Crossing,8576,1/30/2023,5010,13,658.22,9658.47
32748,93 Lotheville Lane,3882,6/14/2023,8826,69,248.49,2203.65
7780,5 Westridge Court,6914,3/9/2023,1637,96,330.91,4511.78
1415,0 Reinke Plaza,7673,6/29/2021,8670,59,513.02,7820.71
20949,7257 Center Road,4430,7/29/2021,9700,47,465.53,9681.64
38160,6 Farwell Trail,2511,11/24/2023,1062,94,614.78,1547.15
32399,716 Arrowood Plaza,8691,10/14/2022,9349,87,896.9,6987.34
4098,50 Jenifer Circle,3739,4/27/2021,526,9,326.44,9064.77
3181,02201 7th Pass,7744,5/10/2023,6116,83,634.47,9262.54
7911,45316 Hollow Ridge Circle,6708,4/6/2023,9582,15,56.22,297.91
16262,72 Fairfield Crossing,6842,4/28/2023,3207,51,293.37,2697.41
39715,2505 Aberg Avenue,4141,6/15/2021,6982,80,88.54,7921.58
25756,67 North Street,3861,7/26/2023,3703,8,232.45,2471.65
36171,6 Scott Crossing,7627,11/4/2023,9557,46,432.22,397.54
2045,3748 Valley Edge Park,8779,8/15/2023,4142,17,310.74,9183.45
1780,1175 Valley Edge Circle,8863,4/23/2021,6408,12,793.93,361.92
23240,454 Melby Center,9003,11/12/2021,7096,23,71.22,788.45
1510,05 Arizona Alley,1252,1/29/2021,6727,40,433.45,3208.13
27420,46440 Raven Lane,6594,12/16/2023,1815,42,602.74,4107.61
7321,48441 Kipling Pass,7928,8/31/2021,7511,60,267.97,4062.09
13149,88 Maryland Avenue,3445,6/2/2023,5351,17,54.56,8276.32
32367,0 Dottie Way,5404,10/22/2023,9941,15,698.99,2876.18
16419,13 Haas Alley,7232,2/23/2021,2682,14,203.79,3724.08
4559,3080 Hintze Avenue,3305,12/25/2023,5826,4,561.29,9467.43
37975,1265 Oak Street,9217,4/20/2023,3785,48,385.5,9857.03
23833,62364 Elka Street,5757,3/3/2021,9825,65,596.44,4872.71
24872,31 Brentwood Point,5612,6/30/2021,7790,80,153.99,526.93
22361,9678 Twin Pines Pass,3632,10/19/2023,5527,42,977.22,6728.18
15796,1580 Orin Pass,5882,8/8/2023,4567,19,559.0,9036.75
30838,37689 Brentwood Way,5051,2/13/2022,203,19,528.1,6833.52
32339,46330 Green Hill,923,9/30/2023,9061,43,594.51,5452.48
22085,11 Thompson Hill,9656,2/17/2023,9631,49,405.55,5503.38
10128,94818 Mallard Terrace,4753,2/13/2023,7472,46,626.01,944.97
17312,406 Transport Parkway,9025,12/13/2021,5208,46,452.1,5623.51
20180,0346 Magdeline Drive,2952,9/24/2022,8477,35,526.1,5969.97
13457,4431 Miller Plaza,4361,3/20/2023,2371,70,325.08,2607.11
18006,04017 Kenwood Terrace,5011,11/21/2023,2767,98,748.94,2017.35
37983,6 David Way,7654,11/15/2021,6814,3,38.16,4777.36
35341,5 Northport Way,9184,2/5/2023,7289,70,947.15,1751.56
3832,1 Express Avenue,3591,12/26/2023,913,32,954.74,4165.78
10418,90 Surrey Terrace,819,5/20/2021,576,2,215.58,2812.86
34084,5278 Sutherland Street,4666,7/5/2021,2653,21,892.68,8837.82
33607,727 Leroy Center,1310,10/16/2022,5422,19,413.39,1321.4
28316,99878 Lakewood Gardens Drive,496,5/15/2022,7266,8,268.78,8415.69
16736,7 Talisman Alley,2723,4/6/2023,298,38,593.94,9760.46
39393,87112 Dixon Alley,9027,9/21/2023,1585,30,321.21,8939.89
24478,71 Kingsford Place,300,10/29/2022,3886,36,582.45,4219.69
37054,74832 Parkside Circle,5869,5/7/2022,2780,52,972.64,4081.34
25422,56028 Lien Parkway,1441,5/13/2021,4965,55,905.48,9657.01
32112,40180 Little Fleur Pass,5091,5/7/2021,5644,2,822.61,6559.72
38390,347 Larry Terrace,7627,6/10/2023,7320,17,982.97,5762.62
19163,2 Homewood Junction,8225,12/3/2021,1725,80,117.16,3446.49
22826,70 Pierstorff Road,9190,7/31/2023,3706,39,429.5,5403.52
1676,953 Grim Park,2431,2/17/2021,33,67,99.55,7178.66
12129,942 West Place,7696,11/4/2021,1464,90,289.13,5075.47
33186,29920 Glacier Hill Pass,1817,3/30/2023,9239,63,685.61,7550.92
14219,4461 Schiller Park,6470,7/14/2023,437,12,839.94,7306.13
29013,20668 North Park,2319,9/22/2023,8671,73,227.87,6112.72
18500,35 Londonderry Place,4172,4/3/2021,9557,36,147.07,9872.1
36722,0173 Myrtle Pass,7965,11/2/2022,5140,54,357.34,537.53
9400,1 Union Terrace,7546,12/23/2022,6232,37,475.84,9921.28
21303,114 Crowley Way,3392,9/1/2022,3194,65,73.84,8667.1
39224,825 Ruskin Circle,8241,8/5/2021,2762,8,382.87,7671.98
15033,222 Hazelcrest Park,9851,1/9/2023,2890,99,733.65,8999.83
2170,2 Loomis Way,5911,3/29/2022,5732,96,894.87,5920.85
29766,289 Oriole Street,1068,1/7/2023,3046,21,290.35,4578.31
2774,859 Hovde Hill,7921,6/18/2021,9367,73,368.46,8269.76
27179,6572 Center Road,3544,11/20/2021,9494,76,824.02,4038.19
22366,654 Moulton Plaza,6817,5/19/2023,3821,2,524.12,4572.47
29292,789 Riverside Way,9181,5/29/2023,944,96,301.62,8295.0
20676,876 Nelson Crossing,4740,5/31/2022,3900,85,250.09,9919.86
176,80 Dorton Point,8266,6/23/2021,9339,100,133.03,4460.34
8479,18440 2nd Trail,7390,8/22/2023,5249,98,563.56,1642.55
39967,99458 Commercial Street,6485,4/23/2023,563,83,198.62,3894.49
39887,8567 Summer Ridge Lane,603,1/8/2022,4757,31,206.32,3928.4
8567,5 Vahlen Hill,162,9/16/2021,1850,14,329.76,454.45
5940,24393 Larry Circle,88,2/3/2023,2606,60,988.8,6063.49
8862,6 Merchant Terrace,956,3/10/2023,4572,2,649.3,4924.91
27236,0 Mariners Cove Court,1265,7/31/2022,1921,23,438.54,3663.13
18711,991 Tennessee Place,7850,3/20/2022,407,25,872.46,3993.88
19085,12176 Paget Way,5879,11/11/2023,1913,83,971.56,1070.54
9732,78 Lakeland Drive,1248,5/2/2022,1310,63,185.19,1938.07
17565,40 Service Road,3206,3/29/2023,9555,81,966.52,3331.21
8953,73493 Moland Junction,2518,2/23/2022,4463,38,476.35,6381.34
15504,26 Village Terrace,6339,5/5/2023,386,50,516.72,4165.46
38101,9 Hanson Center,780,10/5/2021,7742,85,681.16,9058.03
22328,3 Northview Avenue,9073,11/11/2023,6642,54,115.83,858.52
4495,90 Hoepker Court,9425,3/4/2023,4740,33,751.32,1784.78
7150,19054 Grim Pass,9372,8/10/2023,4104,45,682.35,1962.78
11043,27647 Glendale Alley,2839,7/18/2021,3437,42,293.65,4585.81
28693,0796 Havey Lane,2011,2/11/2023,6480,98,619.1,7487.45
12061,744 Manufacturers Drive,1745,12/14/2021,7791,16,947.0,4430.9
25803,8 Waxwing Crossing,8811,7/21/2021,4979,37,452.92,1963.27
19896,51 Banding Drive,2225,5/16/2023,8516,39,296.35,5099.28
7334,48255 Canary Court,8518,6/21/2021,350,56,132.8,5905.49
27749,2 Dennis Parkway,7258,1/12/2021,8677,2,196.7,1249.48
1399,69753 Crescent Oaks Center,8851,7/29/2022,6058,26,18.04,4143.56
24778,91 Annamark Trail,9536,11/3/2021,719,42,91.42,6411.79
11574,544 North Way,5515,12/17/2021,7094,24,857.38,399.01
16110,64 Wayridge Avenue,8155,7/20/2023,2777,33,289.31,1318.56
2538,629 5th Place,2491,3/6/2021,489,10,791.54,6910.25
26876,1314 Ohio Junction,3484,7/13/2021,808,56,176.71,7893.66
28849,2 Arrowood Park,5058,5/3/2023,8378,82,120.31,9592.66
6025,421 Homewood Circle,5871,7/7/2021,5522,44,287.5,9359.39
977,02 Loftsgordon Parkway,3788,1/25/2023,5492,69,23.61,9903.09
33497,8415 Canary Way,3085,5/12/2023,6150,40,443.91,765.11
7284,688 Ohio Parkway,1703,6/19/2021,4755,80,579.31,4658.98
36824,016 Morrow Park,959,6/1/2023,8433,73,462.42,8252.48
342,844 Moland Lane,4812,2/26/2022,7589,48,272.55,8563.3
18127,784 Lyons Way,952,1/24/2021,163,98,287.26,8082.99
23852,0821 Dakota Hill,1604,12/9/2021,4209,66,613.8,7093.57
14302,69983 Lindbergh Alley,35,4/17/2021,7884,54,914.19,962.18
26786,74796 Maryland Plaza,2176,3/14/2023,8574,80,199.69,7596.95
5731,6905 Waxwing Way,8027,6/29/2021,5102,70,94.32,4343.59
21574,9235 Packers Junction,8393,5/16/2023,9532,89,718.75,2329.91
39777,45832 Anderson Road,7357,10/23/2022,7121,29,47.24,7404.36
13001,77 Fairview Drive,3487,5/5/2022,9024,11,846.21,7499.94
14546,34711 Bultman Place,7282,3/9/2023,3418,25,683.58,8073.61
23519,6 Lindbergh Pass,1851,7/2/2021,1514,92,527.43,1682.89
31615,7 Northport Pass,2713,2/3/2022,3223,44,935.99,2275.26
30749,3 Doe Crossing Hill,4524,1/26/2022,959,36,263.12,613.39
21383,26080 Hoepker Lane,7629,11/1/2023,4922,25,671.03,7248.25
7681,5383 Randy Parkway,432,5/13/2021,5477,19,543.98,137.13
6826,175 Sutherland Court,8343,3/24/2022,3086,65,325.74,5260.21
5139,709 South Alley,447,9/5/2023,1658,28,688.69,9428.94
2337,96754 Eagan Way,5261,2/5/2021,9559,43,592.28,7530.84
5277,2533 Corben Crossing,9105,10/8/2022,5195,75,581.31,6687.91
29634,8718 Derek Drive,7571,6/5/2021,327,89,644.01,2601.32
25234,0361 Forest Dale Pass,1441,11/25/2022,4694,45,38.11,4900.92
12539,26501 Green Ridge Hill,5863,3/28/2023,3822,1,998.52,4548.3
27042,72513 Elmside Hill,3265,7/8/2023,4592,5,878.38,1039.15
31040,6854 Marquette Hill,2642,8/13/2023,839,81,755.83,3611.8
36714,650 Barby Plaza,56,7/23/2023,3677,44,737.15,2147.85
14377,6304 Arapahoe Park,9131,2/28/2023,5454,50,554.17,7669.28
5090,76772 Bobwhite Crossing,4374,7/27/2022,6257,73,930.01,5039.68
30512,1 Bultman Place,6239,4/9/2021,7438,94,6.07,4943.82
9066,3057 Pawling Way,4307,4/21/2023,4610,36,681.66,4592.1
12698,50 Bashford Place,2103,3/15/2022,9941,4,59.07,3160.69
20565,39027 Rigney Alley,8230,1/22/2021,3216,71,972.43,2128.71
21485,7 Schlimgen Street,8383,6/21/2021,3363,100,963.78,1129.99
25955,6 Monterey Alley,8726,8/17/2021,7294,19,758.39,9812.84
24826,0 Shoshone Parkway,7006,11/1/2023,4822,48,958.17,3225.5
38521,3 Stephen Crossing,8194,8/27/2021,5289,46,111.56,3642.51
35027,8 Pleasure Avenue,696,5/29/2023,9198,52,884.43,2934.83
10334,1 Kinsman Terrace,9090,8/25/2022,7660,34,568.45,4748.92
11805,7622 Graedel Lane,2365,12/13/2022,7351,10,624.62,4593.93
8822,19353 Hallows Center,961,12/8/2023,9004,14,213.5,4018.87
17062,06 School Trail,3755,7/8/2023,7235,61,535.66,1093.53
1687,9 Aberg Alley,7806,10/5/2021,6255,33,408.85,6977.56
13690,6824 Fairfield Street,1430,11/23/2022,1203,22,819.5,9853.41
37007,1 Northfield Park,116,8/24/2021,3875,79,141.88,3511.54
3726,1967 Golf View Park,7233,12/8/2021,6221,44,0.49,8591.52
38066,89408 Sundown Alley,9333,11/5/2023,8392,91,308.85,8879.69
18333,39945 Mallory Road,6158,7/5/2022,3730,50,653.01,6285.57
39532,0 Pearson Street,8226,12/21/2023,2060,24,209.81,7291.03
18859,87 Arrowood Hill,3816,2/10/2021,4722,65,705.18,471.16
7345,7 Aberg Plaza,46,11/12/2022,1345,43,163.04,2318.4
7316,334 Delaware Crossing,3272,12/4/2021,8530,67,606.25,5294.25
5969,98520 Towne Drive,123,10/29/2022,5056,15,170.48,2688.48
10986,71 Orin Junction,3292,8/31/2022,2178,18,354.56,7392.76
22225,49986 Norway Maple Way,1428,10/20/2021,2009,93,51.59,1687.4
11401,58980 Fulton Terrace,3477,2/18/2022,9129,10,910.8,130.85
19951,7 Fordem Junction,8943,9/3/2023,9849,50,982.88,4698.51
17722,57845 Morningstar Terrace,4591,3/17/2022,7646,73,372.58,1290.85
27875,88515 Thierer Street,7325,4/17/2021,6048,13,920.8,602.52
30653,87040 Heffernan Plaza,347,5/20/2023,9698,97,35.39,6090.75
12713,411 Browning Center,7007,10/7/2021,810,66,49.08,6399.64
26404,2643 Victoria Plaza,7535,3/19/2023,4948,16,825.08,7787.11
2464,5 Jackson Junction,287,4/28/2022,5762,74,318.31,8422.8
26350,34664 Kim Trail,2117,1/20/2023,1948,52,402.27,2102.09
31536,5 Hallows Terrace,7802,12/16/2021,5229,14,571.46,2424.48
38088,37 Mallard Trail,9410,8/17/2021,6529,75,730.55,9912.25
14331,939 Tony Circle,2459,12/9/2023,8064,34,664.47,8640.72
19287,207 Summit Street,118,12/12/2022,7523,37,836.39,3014.56
20313,79 Fallview Pass,3976,6/17/2021,4937,5,43.03,7225.37
7810,7084 Anthes Trail,9297,3/5/2022,9526,60,772.57,2772.65
19564,7 Commercial Center,582,8/15/2023,9808,12,467.53,7732.9
8880,70 Schiller Road,4286,3/2/2023,6962,59,915.83,1193.35
28916,78 Haas Hill,2207,9/7/2022,9500,100,180.59,4853.46
28485,30 Pawling Point,9859,4/26/2022,9847,51,606.66,868.69
19884,1 Goodland Place,8566,5/8/2022,1176,33,785.11,7763.8
18325,7041 Holy Cross Pass,7125,9/17/2021,2774,56,997.25,1032.45
568,7 Boyd Lane,9296,2/18/2021,7018,67,529.64,2435.52
19076,850 High Crossing Court,2067,9/5/2022,2336,41,429.77,5626.99
38835,1575 Maywood Terrace,7880,3/2/2023,6220,81,613.8,9449.62
22718,280 Crest Line Circle,6857,1/16/2021,5520,31,343.55,6040.86
3073,07175 Twin Pines Crossing,9107,10/3/2021,2064,5,298.17,8481.72
5614,0 Rutledge Terrace,6204,7/22/2022,1439,54,78.45,2805.93
1756,0 Monument Park,5999,6/2/2021,519,61,65.02,1891.35
34620,3 Lighthouse Bay Alley,914,6/14/2023,933,37,761.11,8658.27
39201,985 Northfield Center,4927,4/27/2023,9479,26,477.08,1843.44
12541,87 Declaration Way,7559,2/13/2021,3570,69,80.0,9347.79
29115,861 Bashford Drive,7623,2/22/2022,3870,76,93.83,3229.45
1982,0026 Ronald Regan Pass,3498,11/12/2022,8897,41,886.54,55.36
11259,1 Sunbrook Hill,5771,4/3/2022,8918,54,785.26,6005.1
24100,82 Pierstorff Way,4985,1/31/2022,9422,55,433.85,12.63
32736,5 Redwing Avenue,1118,4/10/2023,3098,60,620.96,392.56
22672,54291 Spaight Drive,1005,6/11/2021,7915,80,769.25,2276.88
1560,58 Park Meadow Point,332,4/1/2022,9284,67,352.52,6034.49
32374,7392 Farwell Alley,4827,7/24/2023,1262,27,256.42,3604.27
28204,69465 Buell Terrace,2437,3/21/2021,6883,12,545.43,7603.66
17500,4619 Prentice Center,7140,3/19/2021,193,32,629.97,667.0
21504,4525 Jenifer Trail,9510,2/19/2022,4275,76,589.55,1364.6
25977,66301 Amoth Plaza,7105,9/4/2022,3608,49,546.15,4645.58
30618,086 Graedel Avenue,3229,11/18/2022,4463,37,908.28,9851.65
15407,043 Main Pass,5501,9/3/2022,7398,68,209.4,9616.02
33279,2 Lindbergh Plaza,7775,8/10/2023,4122,91,879.32,2585.69
2328,0 Hazelcrest Point,8498,1/21/2022,2893,22,491.76,5217.34
34940,66 Pennsylvania Avenue,1566,12/29/2022,3887,7,349.16,5389.54
31670,443 Spaight Crossing,3539,9/14/2021,9692,39,159.13,5040.81
33815,5862 Summit Terrace,9315,2/20/2023,968,48,661.07,8770.19
7536,885 Orin Pass,1384,9/16/2022,8261,87,90.34,779.43
35141,5 Old Shore Way,6300,1/23/2023,5011,55,422.95,9023.95
32418,6 Laurel Street,7932,8/16/2023,4851,79,917.3,3017.04
6105,7 Dwight Parkway,4095,5/21/2021,4129,27,811.4,3164.12
4144,6 Waubesa Trail,1852,11/18/2022,9733,92,256.06,3339.87
31338,63522 Alpine Trail,1176,8/13/2022,1602,78,980.71,8246.24
4279,9 Farmco Court,9382,9/6/2023,9145,35,923.09,7643.74
38450,4726 North Terrace,6774,4/13/2021,7691,56,27.12,9459.76
22416,466 Summer Ridge Road,384,9/13/2021,7697,48,933.74,786.26
8255,4173 Sommers Avenue,8239,10/20/2021,1561,95,486.04,2579.11
26348,93 Transport Crossing,1417,4/23/2022,793,37,102.8,4541.42
594,08 Manley Court,5405,9/6/2023,6127,48,569.38,5582.91
16530,07047 Heffernan Parkway,6139,5/17/2023,5413,88,380.61,4339.2
4691,06 Bobwhite Road,647,10/20/2022,6290,25,944.89,9884.21
36944,076 Gerald Terrace,1739,3/18/2022,7633,37,80.49,236.57
16417,70871 Lindbergh Point,6834,6/21/2021,3258,8,421.33,4840.54
38902,09 Ridgeway Place,5624,4/14/2021,8951,17,488.22,5374.68
23702,3548 Springview Pass,5399,7/6/2022,1103,42,560.17,389.93
29576,4 Tony Point,6076,4/3/2021,5037,2,490.66,4284.27
27019,194 Anniversary Center,3660,6/3/2023,7501,61,201.81,9080.64
23922,32 Havey Crossing,7173,7/2/2022,8971,59,316.05,7144.18
2486,8 American Ash Junction,6958,2/23/2023,7062,7,466.1,7106.66
1454,22 Forster Hill,4978,1/25/2021,4849,81,82.01,5277.27
6558,4380 Forest Dale Hill,2614,5/7/2021,15,90,235.18,4866.41
16641,94 Mallard Way,4824,12/22/2022,6660,6,357.68,7343.56
24262,785 Red Cloud Alley,9301,6/25/2021,9591,4,799.59,4948.61
4398,6 Atwood Lane,9422,2/6/2023,9062,20,792.75,5663.84
13381,951 Ruskin Drive,1528,6/5/2022,9384,8,681.47,1379.34
5559,64 Harper Circle,1664,3/12/2023,841,31,316.76,4382.95
6229,92781 Garrison Way,9768,7/18/2022,7414,68,709.29,6603.82
326,60 Longview Drive,5633,9/21/2023,1292,15,46.07,3901.74
10227,8110 Hansons Court,1811,7/24/2022,6800,63,39.77,9843.96
38066,1859 Dovetail Circle,9227,8/25/2021,3011,12,994.74,3769.1
11668,99 Stephen Trail,3007,2/3/2022,684,34,133.23,3416.88
32213,2436 Bayside Hill,3894,10/30/2022,3067,35,553.78,837.06
10170,27403 Vidon Pass,5213,12/1/2022,7616,73,493.9,5907.96
22532,5 Raven Park,9539,7/13/2022,8794,94,870.15,3440.17
14159,2372 Shelley Circle,1498,11/9/2023,1092,13,34.29,2531.93
27953,2278 Debra Parkway,8130,3/15/2023,2528,59,8.27,3002.6
22168,7083 Reindahl Terrace,1999,11/26/2021,248,57,16.72,9170.23
31663,15 Chinook Circle,5331,10/10/2023,6979,32,716.17,848.36
24757,1 Ridgeview Trail,3376,12/3/2022,4790,32,636.92,7752.59
4478,4965 Express Point,55,5/14/2022,8109,69,770.85,7065.26
12282,639 Blackbird Road,6376,11/12/2022,4589,58,397.4,4877.31
39019,079 Hollow Ridge Park,3298,7/21/2021,7513,53,325.9,7600.79
22124,54105 Thierer Court,7739,9/22/2021,5725,49,811.3,6466.28
18662,81159 Blue Bill Park Terrace,652,8/8/2023,800,35,842.27,6804.62
34320,330 Fuller Pass,7167,8/6/2022,2627,27,214.35,2003.47
33954,314 Washington Hill,6201,4/12/2021,1896,27,381.63,2033.32
27885,91 Mesta Plaza,8406,9/19/2021,5834,79,715.16,6012.73
20653,18 Garrison Avenue,8111,3/19/2021,6931,48,735.47,8984.8
2464,08410 Heffernan Crossing,5636,8/3/2023,7390,67,209.88,6068.33
39320,478 Corry Terrace,2979,8/31/2023,6213,65,362.38,1146.63
4872,942 Jenna Center,1342,6/24/2023,3859,37,78.74,1265.39
25149,293 Knutson Crossing,258,2/4/2022,3239,59,536.39,5540.51
5738,63 Emmet Center,1948,11/3/2022,4913,84,759.53,6408.93
16849,5 Becker Pass,1052,2/28/2023,2771,85,137.36,6725.52
4259,46310 Shopko Place,3601,5/7/2021,5320,21,554.9,1174.09
30511,5694 Gina Drive,9039,11/17/2022,9132,17,658.11,2482.22
5806,2 Lien Parkway,3985,6/30/2022,2013,57,24.95,732.51
18393,99467 Burning Wood Court,1276,9/18/2021,4395,44,179.44,6301.7
15587,13337 Almo Place,1035,4/15/2023,8849,100,120.89,9456.86
8691,93 Ridgeview Pass,873,2/5/2022,6057,32,865.11,9206.78
32797,00 Old Gate Center,5513,3/30/2022,385,63,815.79,1468.11
28075,1 Towne Terrace,8289,2/25/2022,7463,88,980.1,5900.09
30096,4 Thierer Junction,9439,3/16/2023,9678,94,771.24,5339.09
37455,163 Monica Way,9308,9/10/2021,1450,46,878.85,9834.2
16929,9 Namekagon Parkway,2986,11/18/2022,872,18,343.79,4461.26
19129,9865 Sage Point,2978,7/5/2022,6453,76,112.25,2950.33
11245,739 Lotheville Trail,4755,5/9/2021,4612,4,369.4,3811.52
27351,53936 Armistice Pass,2418,8/21/2023,5285,23,837.22,6126.49
21156,96 Scoville Avenue,8576,2/21/2021,1255,48,346.49,9672.63
36232,6 Almo Avenue,52,11/6/2023,4701,75,273.75,1127.98
33355,43 Blue Bill Park Pass,7642,5/9/2022,4513,54,980.48,311.56
4740,033 Jenifer Park,4813,2/11/2023,1510,37,867.69,8569.46
21877,57 Chinook Lane,2243,11/11/2023,8085,30,851.57,6014.19
1052,1 Sugar Alley,6126,4/19/2023,2849,78,857.37,6866.2
38135,4377 Shasta Parkway,873,8/18/2022,5454,9,29.91,3342.57
38523,0 Sommers Street,2913,10/24/2023,6243,26,752.23,8879.39
7341,52 Mesta Parkway,4288,9/9/2023,8997,2,414.55,3609.98
24816,50484 Ridgeview Road,5853,8/18/2023,1517,19,612.63,7699.91
38336,8 Briar Crest Hill,7083,12/12/2023,3088,72,484.11,4025.66
10277,84931 Lyons Pass,4542,8/31/2022,2361,21,14.33,9055.55
30980,1041 Oakridge Pass,4089,8/22/2022,273,72,857.55,4621.98
28164,56546 Kings Lane,3538,6/17/2021,5270,86,143.27,3246.63
39961,45 Tomscot Way,9821,5/27/2023,4391,85,886.41,6174.77
18621,23384 Sage Court,5912,6/12/2022,1017,34,280.28,8097.01
17592,7 Elka Junction,4928,12/19/2022,8065,59,139.12,6729.65
26593,54 Banding Lane,4145,10/30/2022,8275,50,455.56,6916.23
23855,3641 Corscot Circle,2470,7/31/2021,3359,13,95.33,3887.48
30844,684 Warrior Hill,647,7/30/2023,2760,85,666.18,4712.86
19808,905 Kedzie Way,1291,12/18/2021,7573,12,171.53,4460.47
17172,3 Oak Court,3401,12/9/2021,768,6,242.34,997.2
39570,43 Ryan Place,4353,10/20/2023,3057,53,905.04,1061.35
16505,0845 Nevada Drive,1826,1/18/2021,7398,24,809.61,9412.5
19341,2464 Esker Point,4476,9/25/2022,7672,82,645.63,5872.94
10897,828 Kropf Alley,164,8/14/2023,4905,61,308.37,9029.63
18195,1 Lunder Place,6378,12/8/2022,4684,53,694.57,3988.42
32929,5 Debs Terrace,8303,5/17/2022,9521,60,788.25,4637.16
2925,9 Jackson Plaza,843,7/26/2022,8337,28,140.87,8842.06
1249,89782 Cottonwood Park,835,12/11/2021,9908,27,35.09,1100.18
22758,7384 Graceland Lane,2721,11/3/2023,7678,75,214.26,7390.81
31224,35 Homewood Pass,1973,4/2/2021,3054,67,728.13,9513.71
25896,9 Victoria Avenue,2601,10/31/2023,4638,3,786.15,6770.79
12001,7060 Sunfield Center,4255,1/12/2021,383,57,8.96,3976.86
7091,854 Lien Street,1956,7/23/2021,5046,30,223.35,2995.75
22395,50 Fuller Drive,2219,10/29/2023,5028,20,667.87,6565.22
15498,06104 Oriole Crossing,651,12/12/2021,8200,45,12.91,6981.51
39852,4 Village Green Court,5010,3/27/2022,4546,56,379.01,3808.92
24148,7 Pond Alley,595,2/26/2022,4690,14,605.58,9934.77
13139,30 Ridge Oak Alley,9826,1/28/2021,9318,32,866.76,6712.98
37971,6 Hayes Pass,960,1/21/2022,8924,92,199.03,4325.4
6600,0 Valley Edge Park,2896,6/22/2023,2294,97,584.3,6964.74
11380,25145 Melrose Pass,730,12/5/2023,1806,63,62.9,151.18
34261,99 Buell Alley,976,9/22/2021,6600,70,93.05,2798.49
19256,71 Logan Terrace,8636,6/11/2021,2189,43,940.01,302.97
8024,792 Shoshone Trail,9508,11/20/2023,8006,41,864.02,6966.42
16350,759 7th Pass,3878,1/4/2022,2346,32,8.73,8359.65
14750,78947 Crowley Court,5591,1/15/2021,5528,76,10.98,4144.21
19716,5 Maywood Crossing,6996,6/23/2023,3380,42,996.09,2368.58
15864,4906 Anniversary Street,4169,2/24/2023,7408,15,775.09,9209.03
39824,59083 Drewry Terrace,3757,6/5/2023,2811,55,827.55,2888.95
1479,81 Center Lane,6971,7/18/2023,8400,64,811.48,9216.08
13435,52 Huxley Junction,6318,3/29/2021,6511,66,485.18,1574.13
13260,8 Graedel Park,5897,4/3/2021,8894,39,228.62,7400.56
3886,03808 Graceland Trail,4317,8/16/2022,8874,88,860.99,8201.47
13985,49886 Butternut Parkway,6207,10/28/2022,7397,30,503.88,4407.97
39592,64 Hollow Ridge Way,7459,6/29/2022,6465,75,357.44,3048.5
31646,24139 Burrows Center,4826,8/18/2021,3195,25,510.38,249.8
29130,70805 Village Green Avenue,8898,8/31/2021,9749,30,544.79,6859.79
22479,86378 Butternut Point,1781,11/6/2022,8022,60,187.64,83.78
6668,89 Forest Run Court,4928,3/4/2023,8959,35,787.36,8183.18
16987,29791 Dapin Center,784,6/15/2023,3545,45,566.74,3183.98
12486,1244 Dahle Hill,2887,3/11/2022,5285,66,47.0,2473.33
5468,562 Oakridge Court,3429,2/20/2022,893,63,78.67,1294.03
13121,69 Summerview Avenue,7371,11/17/2021,3722,55,362.38,709.21
18975,631 Schmedeman Point,1911,2/16/2023,3066,65,630.89,2735.93
6788,63 Pond Junction,7430,12/28/2023,1255,67,759.95,845.63
18089,214 Mesta Way,1214,12/4/2022,7168,43,906.59,7568.84
37771,65 Sachs Court,7855,6/19/2023,2045,88,660.7,5027.81
37059,0246 Almo Court,4956,1/5/2022,5942,20,603.63,6543.77
8228,328 Johnson Parkway,7268,2/17/2022,5431,72,971.24,2999.11
6957,055 Schurz Terrace,4705,3/1/2023,8620,13,464.86,7044.96
18360,6404 Fair Oaks Hill,8135,3/8/2023,5957,6,637.2,3820.52
32275,8 Village Green Plaza,623,3/12/2023,7532,91,598.86,511.31
15579,12 Chinook Place,122,3/24/2021,6465,15,187.99,124.63
22904,58191 6th Park,3685,5/13/2022,9475,61,239.48,2080.69
20508,01284 Nova Trail,9668,11/2/2023,1652,54,107.57,8322.66
11441,1 Portage Crossing,3451,8/19/2022,2488,58,163.43,4844.65
19675,6 Dennis Plaza,2285,10/16/2021,8003,50,50.93,8761.38
36606,71 Mifflin Road,5942,10/8/2022,5174,41,352.89,1963.96
16532,31 Killdeer Junction,7838,7/7/2023,1467,31,600.76,4308.97
39012,6978 Banding Trail,9728,11/13/2023,6701,33,719.27,5620.0
14365,809 Haas Road,7049,8/23/2022,1742,49,589.97,633.27
19031,9 Surrey Junction,7701,1/30/2021,8957,92,493.25,4740.51
34296,4171 Almo Circle,8020,12/18/2021,7193,36,555.19,3695.89
21108,2 Sherman Center,9706,8/8/2021,2006,22,113.31,4288.07
6222,257 Westport Circle,7481,10/16/2022,4929,74,641.15,2806.7
30444,73947 Burning Wood Alley,6167,6/20/2022,1545,25,74.1,4924.41
16629,88157 Dixon Park,5516,9/28/2022,4712,6,616.16,3973.69
33628,08 Walton Alley,8139,3/25/2023,8373,92,965.22,9822.0
38204,9 Jay Lane,6184,2/24/2022,9978,64,301.76,2558.96
12926,0891 Toban Park,4783,5/25/2022,5070,19,208.16,478.79
33801,8358 Golden Leaf Junction,789,10/26/2022,3571,60,3.75,6990.42
35722,239 Cottonwood Road,2251,12/26/2021,5732,53,757.64,9516.97
27349,906 Ronald Regan Alley,3663,7/4/2021,8059,54,562.75,2105.25
7730,1 Haas Terrace,6368,11/29/2023,2095,97,937.52,2482.64
3667,31841 Utah Place,9997,8/12/2022,3765,4,937.78,4757.35
2704,84878 Continental Trail,1159,10/1/2023,3747,36,756.38,9248.55
24426,8 Mitchell Crossing,2437,3/27/2023,3481,72,667.99,2004.3
24034,3 Service Park,4683,1/5/2022,8085,75,277.63,4502.82
19888,25 Homewood Circle,2628,3/15/2021,4274,55,445.16,6495.46
23857,078 Ridge Oak Way,1025,4/16/2022,8269,99,796.35,755.5
31511,5059 Rigney Place,347,9/11/2022,8478,70,256.41,3973.24
28297,9 5th Hill,6032,2/25/2023,9111,58,411.16,2674.03
15180,84 Burning Wood Lane,9194,7/4/2023,5715,28,768.16,2796.05
34174,79 Blue Bill Park Street,3000,3/8/2022,2576,69,312.38,6443.36
4474,113 Forest Run Court,8234,11/17/2022,9823,83,278.71,4133.29
34692,50 Rockefeller Parkway,2600,4/21/2022,737,35,680.53,5071.41
32487,228 Canary Crossing,775,11/28/2022,2326,33,417.62,69.24
14575,11 Sutherland Way,5575,10/5/2021,4603,22,848.62,8566.37
38667,7 Mesta Park,7910,4/6/2021,6912,38,521.62,7183.95
37086,71 High Crossing Trail,15,4/23/2021,9798,6,206.05,201.24
37749,126 Columbus Drive,6699,12/31/2022,6503,13,80.0,3712.09
13661,73837 Roxbury Center,5205,12/31/2023,6454,56,317.37,5671.9
22535,1 Kim Junction,7118,1/22/2021,9599,53,342.63,1584.26
22733,173 Jenna Place,2431,8/28/2021,1656,96,996.84,5265.5
29412,1 Delladonna Center,3457,6/20/2022,2604,46,881.38,7452.33
9686,42 Superior Avenue,7410,11/4/2022,4490,45,927.04,8750.87
7696,40183 Namekagon Court,9657,9/5/2023,8018,70,532.58,8153.9
22818,0 Oak Valley Pass,9977,11/13/2022,6152,25,61.68,5048.04
22525,5671 Beilfuss Trail,3381,5/2/2022,8405,45,299.07,6357.77
4456,26 Armistice Place,9193,6/26/2023,2303,99,948.61,796.19
18830,04740 Westerfield Park,1210,8/4/2021,1068,46,94.23,1931.49
152,5 Shoshone Drive,6590,5/12/2022,2343,1,13.24,4306.34
11857,4452 Jana Drive,6777,10/10/2021,5182,28,406.41,8336.47
25580,79593 Nobel Center,8227,11/16/2022,7357,29,879.46,3001.78
8561,70869 Erie Center,7019,2/6/2022,734,47,759.09,5143.33
23641,85 Talmadge Park,8350,3/8/2021,8914,85,594.98,7420.32
13497,0816 Butterfield Trail,8755,12/5/2022,1549,93,726.01,2957.89
33769,6 8th Court,3259,12/3/2022,3908,3,406.44,797.86
14217,42 American Road,8493,2/9/2023,4369,32,141.78,1625.24
11177,305 Superior Point,1273,6/17/2022,1818,45,952.14,6731.81
38985,40228 Harper Drive,4704,12/3/2021,2567,34,854.87,8389.85
8434,01 Burrows Plaza,9853,4/1/2023,4192,82,36.2,1743.27
23860,64 Hudson Alley,1459,2/21/2021,740,12,564.55,4329.17
29276,3162 Longview Plaza,6610,7/28/2021,1648,26,802.07,4621.68
10876,547 Pine View Way,4646,9/30/2023,1513,27,841.01,3882.2
9641,1 Lien Crossing,4209,12/13/2022,7828,41,637.35,3697.03
10679,230 Blackbird Park,4139,4/3/2023,7458,30,426.98,3344.02
23360,1240 Cottonwood Street,866,9/21/2023,2568,41,200.62,8301.63
23198,6 Elmside Pass,555,10/11/2023,1040,7,692.33,7201.62
28332,1299 Marcy Road,3539,4/30/2023,3058,31,744.21,7253.92
10250,57 American Park,150,2/24/2021,7377,99,880.25,9456.66
10120,34 Del Sol Alley,2438,7/6/2022,209,76,269.9,3879.85
30524,6898 Cambridge Court,4286,7/2/2021,4218,16,700.93,1954.27
16275,665 8th Crossing,3565,5/10/2023,2698,48,414.28,2067.52
38006,81521 Summerview Lane,6516,3/2/2023,8810,34,734.42,1589.21
6142,10 Goodland Crossing,5142,8/19/2023,1743,51,46.6,7511.18
5836,0832 Evergreen Pass,3460,6/30/2023,4545,68,342.35,8297.39
4600,048 Sunfield Place,1067,3/22/2023,6856,19,4.7,403.86
33695,14 Merrick Street,7344,11/19/2023,6701,47,920.84,8949.15
39329,481 Northwestern Drive,8076,1/6/2021,7504,15,498.11,4448.32
316,6 Thackeray Trail,741,2/5/2023,6533,71,706.96,6713.38
38675,26 Westport Way,1271,10/25/2021,3056,13,889.6,8851.57
17327,5120 American Ash Terrace,1189,7/10/2023,1240,25,336.47,2828.8
4601,6 Briar Crest Plaza,7232,5/31/2023,9148,40,520.65,2456.75
2914,73 Bluestem Junction,9288,6/6/2021,1513,68,328.57,572.9
10118,4 Springview Junction,8161,8/22/2023,9615,35,37.17,115.15
15297,28330 Mcguire Terrace,7524,7/3/2022,1749,8,811.34,2523.17
20206,42 Mallard Drive,6039,6/10/2022,1534,53,167.12,5961.79
915,90 Graceland Crossing,8852,4/29/2023,313,66,620.35,1131.92
7424,71 Fremont Point,4270,12/18/2023,6626,43,807.04,202.87
11692,81 Eagan Drive,4861,9/2/2022,6644,15,924.16,4077.49
1816,1 Steensland Parkway,4555,12/11/2022,8226,30,119.31,359.14
31322,658 Dorton Circle,4545,6/2/2021,8582,66,626.27,2285.69
14128,4137 Northwestern Pass,7298,4/20/2023,1810,51,537.67,1666.96
21642,59495 Susan Point,8937,7/2/2022,999,43,343.42,7827.02
31085,1 Mifflin Plaza,2933,12/11/2023,291,74,795.2,8767.43
5403,2 Randy Street,217,12/17/2021,4500,73,603.02,8578.97
2785,8510 Hallows Court,6158,4/17/2021,1575,1,960.48,3165.51
27074,08 Butternut Court,9133,7/30/2023,4032,85,326.64,3023.29
13639,04 Messerschmidt Terrace,5583,6/27/2021,2396,81,149.65,508.29
38486,7 Sauthoff Crossing,6034,4/21/2022,4956,18,811.62,7372.61
36774,6 Vidon Park,9134,12/11/2021,4569,1,630.43,7467.33
22532,88110 Logan Plaza,1497,2/19/2021,4944,4,622.79,7249.48
32013,19480 Westerfield Drive,2253,2/13/2021,8951,48,475.92,5454.37
23050,87936 American Plaza,3252,3/11/2021,8132,42,476.37,6897.91
9381,473 Hagan Parkway,8503,9/13/2021,7951,34,655.35,4177.77
13204,0 Waubesa Junction,3825,7/6/2022,8295,79,516.63,2388.01
25404,43 Roth Drive,8926,9/9/2023,986,81,672.98,9624.48
23540,52 Garrison Center,5774,12/9/2021,1702,42,577.25,1461.65
14722,312 Melby Street,5283,3/8/2023,7561,54,949.13,3705.81
19730,67 Hovde Hill,6525,1/19/2021,6637,65,123.56,6585.13
5636,4 Fulton Pass,1053,4/10/2023,2185,25,268.58,5127.06
10974,2752 Sommers Point,4598,6/25/2023,9052,49,942.22,7493.43
17268,70 Muir Drive,3234,10/8/2022,4336,99,420.95,4641.59
2164,5438 Dakota Parkway,904,5/26/2023,951,41,632.8,6726.92
15499,46 Claremont Crossing,8840,5/6/2023,9845,11,346.85,7872.62
22903,38250 Sloan Place,7260,3/23/2021,9554,9,921.79,4961.53
20572,4816 Fordem Lane,4710,7/21/2023,5205,13,99.32,6925.49
26601,9237 Rutledge Court,4355,4/6/2023,5106,45,956.37,2760.22
6885,6 Blackbird Lane,7891,3/4/2023,5672,3,590.55,5356.37
3247,7 Hazelcrest Hill,9460,12/13/2022,3834,68,569.77,7761.46
38492,6332 Summerview Center,2454,12/5/2022,3475,16,543.1,2605.27
32757,734 Mesta Hill,3026,8/10/2021,4882,18,89.03,2174.89
13647,81 Waxwing Plaza,4755,8/29/2023,4967,2,63.61,5925.62
38637,442 Rieder Terrace,1603,6/21/2021,210,67,152.37,3406.42
8441,3 Sherman Place,5528,12/26/2022,566,27,735.51,4569.65
27721,4 Vera Plaza,1532,3/6/2022,6537,43,968.69,5454.13
9365,90 Vidon Avenue,3417,9/13/2021,2968,18,537.91,362.31
7128,0 Mendota Plaza,7769,10/20/2022,6196,95,597.72,8633.05
20762,34 Hallows Trail,5976,10/11/2023,8229,39,608.85,3837.56
18437,567 Cottonwood Avenue,2817,1/13/2021,3060,67,408.0,9790.61
30888,26820 Hudson Pass,5592,4/30/2022,3173,39,657.23,3181.31
19379,626 Charing Cross Plaza,258,9/28/2021,9334,36,722.74,7965.94
37498,53 Gerald Drive,1866,3/12/2021,7474,77,657.38,1906.13
2351,364 Merrick Hill,2077,6/11/2021,9502,64,764.12,2782.11
3868,86740 Stuart Hill,1802,2/13/2021,6955,4,417.5,6120.09
35152,72045 Anderson Lane,7101,9/6/2021,7438,1,694.87,7807.59
18936,66 Norway Maple Parkway,7105,1/20/2022,1727,66,619.09,7448.79
27203,09 Fulton Way,7888,8/4/2023,1994,60,909.99,8342.75
26867,39985 Bartillon Place,7619,10/14/2021,1421,16,358.88,1354.27
33021,6415 Main Junction,9753,10/1/2021,7718,85,38.78,5116.93
22168,28 Becker Lane,1227,2/25/2022,4039,84,913.57,1703.11
4655,8170 Drewry Way,6645,2/6/2021,8360,27,544.17,2934.02
20416,083 8th Crossing,4043,6/1/2022,4370,75,197.53,8298.11
4113,0 Artisan Court,795,6/8/2023,7583,68,281.77,8925.81
32078,3967 Brickson Park Street,9657,9/17/2023,1676,92,295.85,7231.42
31758,27 Sunbrook Center,8187,11/8/2021,7812,24,347.63,8724.49
122,89015 Claremont Street,5892,5/19/2023,3698,93,592.37,1744.19
13547,7 Messerschmidt Hill,2864,8/10/2021,6053,95,31.36,3417.44
25344,47 Morrow Plaza,1416,6/24/2021,6244,32,15.82,1400.27
21214,736 Hallows Alley,6848,11/8/2021,4758,66,95.92,7073.17
660,850 Sage Trail,234,5/18/2022,6673,66,259.53,6490.93
37394,69 Del Sol Street,9082,1/18/2023,2953,28,441.42,2728.21
27859,9869 Badeau Parkway,7157,2/13/2023,6304,77,927.24,7085.55
20390,2 Caliangt Terrace,7278,8/15/2023,4400,84,439.27,3711.69
15944,663 Forest Trail,3216,5/27/2021,2505,22,353.22,9778.46
7068,90 Valley Edge Trail,404,12/1/2021,6225,81,904.73,5112.06
6350,3 Saint Paul Park,1037,4/18/2022,9256,83,228.16,2740.77
5834,732 Bobwhite Park,9239,4/8/2021,4300,75,217.71,8137.3
6020,104 Marcy Park,7168,7/14/2023,5101,58,799.32,828.09
36656,99272 Judy Center,2301,9/13/2021,2929,6,857.97,7220.98
3653,545 Sachs Pass,3472,9/22/2021,5612,1,538.86,2763.93
25978,8 American Ash Crossing,2582,8/25/2023,7365,66,878.12,5535.49
32738,23 Dryden Hill,69,2/2/2022,3076,73,799.14,8669.22
21646,3 Northwestern Way,6695,5/27/2023,3112,26,187.83,5391.61
11440,568 South Junction,5650,3/28/2021,6416,44,34.75,220.51
34512,8 Porter Park,5090,5/30/2021,7109,28,173.53,8000.14
18229,10 Huxley Plaza,7979,11/7/2023,3877,25,204.93,1009.45
3295,1 Di Loreto Crossing,1670,2/6/2022,9894,78,704.28,4199.31
11380,7 Hollow Ridge Parkway,2805,2/18/2022,1920,82,113.39,2448.52
1466,1050 Larry Point,8951,12/10/2023,5536,14,613.78,5771.45
1595,3500 Tennessee Trail,5830,11/25/2021,1961,96,75.77,2042.4
8389,01647 Coleman Point,4648,8/5/2023,9098,18,514.54,9636.68
6703,8 Jay Court,1508,6/9/2022,2846,26,750.63,5844.24
16205,2434 Barnett Drive,6363,7/10/2022,7425,58,665.97,3131.39
14060,91 Warner Court,5297,4/9/2023,8500,60,566.1,8840.81
12443,15 Loomis Hill,3820,5/11/2023,2454,83,84.14,6982.1
18688,37848 Pearson Court,62,8/24/2021,9696,53,947.93,3480.07
1030,4 Northport Trail,4564,5/28/2021,2286,52,119.82,3078.88
39364,10 Talmadge Terrace,8157,9/16/2022,3579,89,843.92,2309.16
2376,4120 Banding Terrace,8965,8/6/2021,8938,2,886.32,5575.17
2799,8 Hanover Crossing,9398,5/5/2021,8394,44,652.88,4653.92
37022,5 Glendale Junction,4287,3/8/2023,8039,17,255.64,1749.9
974,67 Starling Road,547,6/10/2021,4842,33,313.85,2202.79
10919,0 Red Cloud Alley,4967,12/26/2023,2068,24,956.48,5604.86
26760,20 Browning Point,6930,4/14/2022,5766,90,195.76,1430.81
13857,00406 Bluestem Plaza,3180,2/5/2022,3069,62,832.09,1145.02
17011,63 Hoard Hill,1121,8/17/2023,2250,24,327.48,3191.48
23774,06449 Milwaukee Hill,5989,7/1/2023,2639,93,655.96,3190.02
29008,6906 Lakewood Center,852,5/28/2023,9260,64,488.49,1823.86
27447,38 7th Crossing,6988,3/30/2021,2861,3,266.74,3286.05
18732,6250 Reinke Drive,4887,9/1/2021,3974,62,164.73,2611.87
30180,31831 Scott Terrace,1950,11/13/2022,2290,96,314.7,9333.95
6334,79352 Meadow Valley Place,229,5/31/2022,1714,91,899.39,8602.17
32628,18955 Fairfield Lane,8007,1/5/2021,4758,13,720.04,7457.23
34633,91 Dovetail Circle,1470,1/2/2022,2478,99,688.85,8629.1
23031,0 Schurz Lane,798,6/14/2023,2219,13,783.58,6308.01
11142,2 Carberry Drive,9414,5/28/2023,7484,27,758.73,9019.54
7490,1 Autumn Leaf Center,6329,5/20/2021,3198,64,316.95,9137.35
15619,67 Bluejay Point,3160,9/23/2021,1679,49,208.13,495.85
27258,7 Hollow Ridge Pass,8019,7/17/2022,5507,13,255.9,2356.53
29643,7366 Valley Edge Alley,3042,5/9/2022,7548,35,359.66,9464.04
18362,79548 Washington Alley,72,6/24/2021,5787,3,167.83,2698.63
4993,405 Warrior Alley,759,1/26/2022,1803,38,682.83,8078.35
2077,9 Monica Road,1223,9/21/2021,3146,77,895.87,3986.59
27552,5 Stone Corner Crossing,6589,9/1/2021,2721,50,570.39,8147.75
13411,41875 Mayfield Trail,9265,7/12/2023,9802,17,753.97,2332.72
3700,3 Fremont Street,8389,8/27/2021,6665,95,338.83,5635.05
4309,74 Mariners Cove Terrace,9312,7/14/2021,2307,86,864.09,8050.34
38150,02 Kropf Court,5672,6/21/2021,9375,7,374.56,2313.49
7077,30 7th Crossing,8676,12/16/2023,6583,7,621.71,8612.78
23115,29880 8th Circle,2997,1/22/2022,4629,63,746.24,8913.8
27834,8971 Superior Avenue,5257,3/2/2023,6836,38,865.3,8651.98
12014,598 Nancy Street,277,5/23/2023,6476,69,893.44,6204.42
12181,4144 Rigney Pass,3464,12/3/2022,5273,57,556.29,7677.79
826,2 Myrtle Junction,4744,8/2/2022,5382,67,426.02,9717.26
841,348 Fordem Place,5669,6/5/2023,8372,77,382.52,4610.23
